timestamp,heart_rate,movement,light,stress
19:18:40,71,6,501,54.69
19:18:42,91,6,234,57.09
19:18:44,108,6,188,61.30
19:18:46,108,1,707,43.52
19:18:48,82,2,452,37.98
19:18:50,69,6,593,55.24
19:18:52,59,6,606,52.59
19:18:54,60,8,84,56.21
19:18:56,108,5,680,62.40
19:18:58,98,3,333,45.84
19:19:00,94,10,116,75.71
19:19:02,62,8,406,60.63
19:19:05,107,5,258,57.06
19:19:07,115,6,606,68.27
19:19:09,80,4,173,43.68
19:19:11,97,5,295,54.70
19:19:13,113,8,363,74.40
19:19:15,81,5,694,55.01
19:19:17,93,0,695,34.38
19:19:19,69,8,220,60.36
19:19:21,97,5,747,60.12
19:19:23,110,4,597,57.16
19:19:25,96,5,602,58.10
19:19:27,63,2,680,35.40
19:19:29,63,9,311,64.57
19:19:31,72,10,156,70.03
19:19:33,94,5,695,58.66
19:19:35,64,5,284,45.33
19:19:37,86,10,258,75.18
19:19:39,92,3,211,42.69
19:19:41,64,2,0,27.52
19:19:43,84,9,492,72.62
19:19:45,93,0,726,34.75
19:19:47,108,5,463,59.80
19:19:49,92,10,397,78.52
19:19:51,82,2,77,33.48
19:19:53,101,8,93,67.80
19:19:55,71,4,251,42.09
19:19:57,55,8,61,54.53
19:19:59,59,3,529,37.27
19:20:01,69,0,678,27.46
19:20:03,92,3,405,45.02
19:20:05,108,2,44,40.37
19:20:07,56,0,98,16.86
19:20:09,80,8,591,67.89
19:20:11,61,8,108,56.78
19:20:13,77,0,336,25.59
19:20:15,91,1,157,32.16
19:20:17,68,2,512,34.78
19:20:19,86,10,550,78.68
19:20:21,98,10,365,79.82
19:20:23,105,8,6,67.87
19:20:25,60,6,763,54.76
19:20:27,92,10,442,79.06
19:20:29,91,1,424,35.37
19:20:31,66,5,796,52.03
19:20:33,69,6,696,56.47
19:20:35,105,8,90,68.88
19:20:37,108,0,191,32.53
19:20:39,59,10,538,70.98
19:20:41,73,3,47,35.40
19:20:43,96,7,262,63.62
19:20:45,114,6,239,63.59
19:20:47,99,10,520,81.96
19:20:49,82,0,615,30.34
19:20:51,97,3,397,46.32
19:20:53,64,9,612,68.46
19:20:55,114,3,318,50.14
19:20:57,93,2,42,36.14
19:20:59,58,8,409,59.55
19:21:01,100,1,683,41.00
19:21:03,98,9,485,76.46
19:21:05,73,8,262,61.98
19:21:07,71,5,548,50.46
19:21:09,101,6,524,63.37
19:21:11,104,1,418,38.94
19:21:13,72,5,74,45.05
19:21:15,85,4,176,45.11
19:21:17,108,5,603,61.48
19:21:19,100,10,791,85.49
19:21:21,97,6,704,64.41
19:21:23,71,3,590,41.36
19:21:25,107,9,495,79.10
19:21:27,82,4,736,50.99
19:21:29,68,9,670,70.28
19:21:31,109,6,253,62.36
19:21:33,85,4,502,49.02
19:21:35,100,6,362,61.14
19:21:37,77,8,776,69.27
19:21:39,70,10,81,68.57
19:21:41,111,2,81,41.65
19:21:43,85,10,322,75.66
19:21:45,114,1,728,45.46
19:21:47,88,10,251,75.65
19:21:49,112,10,150,81.16
19:21:51,91,2,46,35.63
19:21:53,94,3,547,47.28
19:21:55,102,5,795,62.10
19:21:57,90,3,167,41.60
19:21:59,67,4,230,40.72
19:22:01,74,1,612,32.86
19:22:03,93,1,47,31.40
19:22:05,96,10,318,78.70
19:22:07,98,7,734,69.85
19:22:09,95,0,143,28.32
19:22:11,73,1,182,27.42
19:22:13,81,6,577,58.40
19:22:15,112,3,464,51.33
19:22:17,76,9,641,72.17
19:22:19,86,6,51,53.49
19:22:21,59,2,426,31.23
19:22:23,100,6,288,60.26
19:22:25,55,10,343,67.52
19:22:27,84,0,56,24.19
19:22:29,97,6,416,60.95
19:22:31,115,6,248,63.98
19:22:33,108,3,702,53.06
19:22:36,113,8,477,75.76
19:22:38,112,3,73,46.64
19:22:40,89,0,225,27.62
19:22:42,98,0,227,30.16
19:22:44,60,7,244,53.33
19:22:46,103,2,667,46.44
19:22:48,66,1,733,32.08
19:22:50,60,5,719,49.43
19:22:52,96,2,789,45.95
19:22:54,67,7,205,54.82
19:22:56,78,4,224,43.73
19:22:58,89,3,544,45.85
19:23:00,75,9,221,66.85
19:23:02,87,6,480,58.92
19:23:04,92,1,363,34.92
19:23:06,87,7,670,66.00
19:23:08,110,4,521,56.25
19:23:10,110,6,440,64.88
19:23:12,98,6,427,61.36
19:23:14,95,2,67,37.00
19:23:16,107,4,729,57.91
19:23:18,93,10,53,74.68
19:23:20,104,5,446,58.47
19:23:22,78,3,732,45.02
19:23:24,83,1,249,31.03
19:23:26,70,2,92,30.30
19:23:28,101,8,263,69.84
19:23:30,113,10,773,88.92
19:23:32,82,9,486,71.99
19:23:34,91,4,438,49.94
19:23:36,75,2,202,33.02
19:23:38,66,1,287,26.72
19:23:40,102,2,356,42.43
19:23:42,60,3,268,34.42
19:23:44,81,2,305,35.94
19:23:46,66,9,320,65.52
19:23:48,76,0,735,30.10
19:23:50,115,6,600,68.20
19:23:52,59,5,705,48.98
19:23:54,68,2,744,37.57
19:23:56,102,9,670,79.80
19:23:58,62,4,688,44.82
19:24:00,114,10,448,85.30
19:24:02,105,3,392,48.50
19:24:04,88,0,61,25.37
19:24:06,114,10,224,82.61
19:24:08,112,7,315,68.74
19:24:10,56,6,482,50.26
19:24:12,56,7,383,53.88
19:24:14,98,4,718,55.26
19:24:16,56,8,630,61.64
19:24:18,57,4,439,40.43
19:24:20,89,4,281,47.49
19:24:22,114,9,320,78.96
19:24:24,74,9,70,64.76
19:24:26,62,3,554,38.41
19:24:28,83,6,389,56.71
19:24:30,96,9,461,75.61
19:24:32,65,1,540,29.48
19:24:34,63,5,525,47.94
19:24:36,85,9,170,69.04
19:24:38,90,3,263,42.76
19:24:40,67,9,306,65.63
19:24:42,63,5,301,45.25
19:24:44,59,3,34,31.33
19:24:46,66,9,246,64.63
19:24:48,83,3,791,47.13
19:24:50,87,5,149,50.15
19:24:52,114,2,534,47.93
19:24:54,70,5,516,49.79
19:24:56,72,8,58,59.26
19:24:58,82,0,70,23.80
19:25:00,92,7,332,63.34
19:25:02,84,8,426,67.03
19:25:04,111,8,517,75.68
19:25:06,61,9,465,65.86
19:25:08,95,0,304,30.25
19:25:10,78,7,35,55.86
19:25:12,71,5,651,51.69
19:25:14,67,3,730,41.92
19:25:16,92,2,559,42.07
19:25:18,107,10,84,78.97
19:25:20,96,7,389,65.15
19:25:22,88,2,631,41.81
19:25:24,80,3,718,45.42
19:25:26,84,8,440,67.20
19:25:28,58,2,437,31.08
19:25:30,70,5,542,50.10
19:25:33,114,2,762,50.66
19:25:35,57,5,242,42.86
19:25:37,109,10,772,87.78
19:25:39,82,6,209,54.27
19:25:41,74,10,310,72.44
19:25:43,56,5,18,39.90
19:25:45,74,3,518,41.34
19:25:47,62,10,419,70.39
19:25:49,79,8,426,65.63
19:25:51,88,1,233,32.24
19:25:53,72,7,795,63.30
19:25:55,77,10,390,74.24
19:25:57,110,7,159,66.31
19:25:59,66,2,359,32.39
19:26:01,56,8,481,59.85
19:26:03,88,0,255,27.70
19:26:05,99,9,129,72.47
19:26:07,60,5,653,48.64
19:26:09,56,10,254,66.73
19:26:11,72,6,759,58.07
19:26:13,67,3,536,39.59
19:26:15,72,3,199,36.95
19:26:17,113,10,369,84.07
19:26:19,103,8,742,76.14
19:26:21,60,8,120,56.64
19:26:23,62,10,618,72.78
19:26:25,103,0,744,37.77
19:26:27,62,2,452,32.38
19:26:29,93,6,681,63.01
19:26:31,57,10,44,64.49
19:26:33,88,1,61,30.17
19:26:35,94,8,484,70.53
19:26:37,97,9,232,73.14
19:26:39,103,7,559,69.15
19:26:41,94,4,310,49.24
19:26:43,93,5,457,55.52
19:26:45,82,10,348,75.14
19:26:47,67,9,673,70.04
19:26:49,67,5,344,46.89
19:26:51,109,1,208,37.82
19:26:53,64,2,401,32.33
19:26:55,96,10,718,83.50
19:26:57,63,8,596,63.19
19:26:59,86,6,480,58.64
19:27:01,89,0,108,26.22
19:27:03,56,7,730,58.04
19:27:05,95,7,374,64.69
19:27:07,109,7,526,70.43
19:27:09,85,0,216,26.39
19:27:11,82,8,590,68.44
19:27:13,82,2,408,37.46
19:27:15,105,10,617,84.80
19:27:17,114,3,752,55.34
19:27:19,105,10,571,84.25
19:27:21,106,8,508,74.18
19:27:23,57,10,272,67.22
19:27:25,76,5,78,46.22
19:27:27,75,5,675,53.10
19:27:29,97,8,117,66.96
19:27:31,95,3,702,49.42
19:27:33,102,4,652,55.58
19:27:35,75,1,751,34.81
19:27:37,109,10,218,81.14
19:27:39,97,5,47,51.72
19:27:41,103,2,414,43.41
19:27:43,83,9,18,66.66
19:27:45,111,3,446,50.83
19:27:47,89,9,67,68.92
19:27:49,64,7,121,52.97
19:27:51,66,9,294,65.21
19:27:53,98,9,798,80.22
19:27:55,104,1,439,39.19
19:27:57,98,0,337,31.48
19:27:59,61,2,127,28.20
19:28:01,65,5,713,50.76
19:28:03,99,10,369,80.15
19:28:05,73,6,306,52.91
19:28:07,81,7,472,61.94
19:28:09,55,3,451,35.21
19:28:11,74,10,617,76.12
19:28:13,91,8,790,73.36
19:28:15,100,6,311,60.53
19:28:17,89,6,239,56.59
19:28:19,101,3,488,48.54
19:28:21,77,4,14,40.93
19:28:23,104,7,723,71.40
19:28:25,73,9,386,68.27
19:28:27,97,2,748,45.74
19:28:30,99,8,78,67.06
19:28:32,94,5,361,54.65
19:28:34,106,1,200,36.88
19:28:36,95,6,346,59.55
19:28:38,68,10,271,70.29
19:28:40,81,7,103,57.52
19:28:42,78,1,358,30.94
19:28:44,105,5,527,59.72
19:28:46,65,4,576,44.31
19:28:48,88,4,796,53.39
19:28:50,78,4,717,49.64
19:28:52,83,7,684,65.05
19:28:54,113,6,141,62.13
19:28:56,79,4,470,46.96
19:28:58,98,0,520,33.68
19:29:00,98,8,368,70.26
19:29:02,93,5,395,54.78
19:29:04,97,6,620,63.40
19:29:06,57,9,662,67.10
19:29:08,98,7,199,63.43
19:29:10,69,9,644,70.25
19:29:12,98,6,599,63.43
19:29:14,79,1,377,31.44
19:29:16,55,4,317,38.40
19:29:18,99,0,793,37.24
19:29:20,100,5,446,57.35
19:29:22,88,5,727,57.36
19:29:24,111,10,195,81.42
19:31:51,91,5,567,56.28
19:31:53,81,8,519,67.31
19:31:55,70,3,175,36.10
19:31:57,95,4,52,46.42
19:31:59,79,5,715,54.70
19:32:01,99,2,127,38.84
19:32:03,74,6,76,50.43
19:32:05,99,2,254,40.37
19:32:07,80,3,509,42.91
19:32:09,60,6,775,54.90
19:32:11,87,5,257,51.44
19:32:13,66,6,767,56.48
19:32:15,57,2,724,34.25
19:32:17,94,2,134,37.53
19:32:19,109,6,320,63.16
19:32:21,84,4,35,43.14
19:32:23,77,0,143,23.28
19:32:25,80,5,230,49.16
19:32:27,61,9,46,60.83
19:32:29,115,4,467,57.00
19:32:31,81,6,36,51.91
19:32:33,65,3,196,34.95
19:32:35,68,1,438,29.10
19:32:37,104,0,2,29.14
19:32:39,85,0,430,28.96
19:32:41,57,4,175,37.26
19:32:43,92,2,513,41.52
19:32:45,67,8,255,60.22
19:32:47,95,1,76,32.31
19:32:49,75,10,139,70.67
19:32:51,85,7,386,62.03
19:32:53,68,6,454,53.29
19:32:55,103,0,74,29.73
19:32:57,101,5,25,52.58
19:32:59,69,9,59,63.23
19:33:01,74,2,328,34.26
19:33:03,101,8,212,69.22
19:33:05,104,7,74,63.61
19:33:07,81,3,208,39.58
19:33:09,68,3,100,34.64
19:33:11,67,3,500,39.16
19:33:13,73,2,667,38.04
19:33:15,91,6,90,55.36
19:33:17,96,4,523,52.36
19:33:19,104,5,302,56.74
19:33:21,72,6,554,55.61
19:33:23,86,2,712,42.22
19:33:25,67,10,193,69.08
19:33:27,64,10,671,73.97
19:33:29,115,10,447,85.56
19:33:31,106,6,480,64.24
19:33:33,89,5,552,55.54
19:33:35,109,2,303,43.76
19:33:37,98,7,473,66.72
19:33:39,103,1,455,39.10
19:33:41,96,0,477,32.60
19:33:43,93,2,734,44.45
19:33:45,110,6,688,67.86
19:33:47,114,8,622,77.78
19:33:49,82,10,84,71.97
19:33:51,85,10,510,77.92
19:33:53,69,7,612,60.26
19:33:55,59,1,601,28.53
19:33:57,97,7,736,69.59
19:33:59,74,1,406,30.39
19:34:01,103,8,179,69.39
19:34:03,86,9,265,70.46
19:34:05,87,6,135,54.78
19:34:07,105,2,99,40.19
19:34:09,76,1,359,30.39
19:34:11,55,6,16,44.39
19:34:13,67,4,150,39.76
19:34:15,98,3,447,47.20
19:34:17,71,6,663,56.64
19:34:19,84,5,653,55.36
19:34:21,92,6,86,55.59
19:34:23,108,9,343,77.56
19:34:25,80,4,343,45.72
19:34:27,112,10,329,83.31
19:34:29,79,6,625,58.42
19:34:31,59,5,496,46.47
19:34:33,111,3,449,50.87
19:34:35,105,4,790,58.08
19:34:37,86,4,303,46.92
19:34:39,64,1,520,28.96
19:34:41,85,7,767,66.60
19:34:43,58,5,606,47.51
19:34:45,56,5,53,40.32
19:34:48,57,9,114,60.53
19:34:50,84,2,11,33.25
19:34:52,62,9,517,66.76
19:34:54,105,2,758,48.10
19:34:56,77,1,754,35.41
19:34:58,65,4,240,40.28
19:35:00,55,6,787,53.64
19:35:02,69,0,709,27.83
19:35:04,85,10,737,80.64
19:35:06,57,5,431,45.13
19:35:08,59,6,760,54.44
19:35:10,67,9,595,69.10
19:35:12,88,7,500,64.24
19:35:14,65,4,137,39.04
19:35:16,114,1,6,36.79
19:35:18,104,2,595,45.86
19:35:20,103,1,182,35.82
19:35:22,98,8,650,73.64
19:35:24,80,6,494,57.13
19:35:26,80,6,722,59.86
19:35:28,56,2,406,30.15
19:35:30,75,1,324,29.69
19:35:32,108,5,509,60.35
19:35:34,62,7,484,56.77
19:35:36,104,8,232,70.30
19:35:38,64,2,93,28.64
19:35:40,104,7,145,64.46
19:35:42,93,1,611,38.17
19:35:44,77,6,648,58.14
19:35:46,99,9,434,76.13
19:35:48,93,7,209,62.15
19:35:50,68,6,503,53.88
19:35:52,103,4,644,55.77
19:35:54,103,6,384,62.25
19:35:56,109,6,426,64.43
19:35:58,61,9,461,65.81
19:36:00,74,4,667,47.92
19:36:02,88,3,649,46.83
19:36:04,77,7,331,59.13
19:36:06,100,0,509,34.11
19:36:08,68,7,9,52.75
19:36:10,67,0,524,25.05
19:36:12,96,10,84,75.89
19:36:14,106,6,115,59.86
19:36:16,95,5,119,52.03
19:36:18,73,9,752,72.66
19:36:20,62,3,539,38.23
19:36:22,85,0,409,28.71
19:36:24,71,4,288,42.54
19:36:26,92,5,394,54.49
19:36:28,110,0,232,33.58
19:36:30,72,0,786,29.59
19:36:32,93,9,230,72.00
19:36:34,58,5,226,42.95
19:36:36,94,4,323,49.40
19:36:38,64,2,644,35.25
19:36:40,96,3,572,48.14
19:36:42,107,9,252,76.18
19:36:44,93,3,365,44.82
19:36:46,105,1,346,38.35
19:36:48,69,1,650,31.92
19:36:50,63,4,53,37.48
19:36:52,107,8,539,74.83
19:36:54,84,5,405,52.38
19:36:56,94,7,728,68.66
19:36:58,60,8,101,56.41
19:37:00,62,2,715,35.54
19:37:02,55,3,345,33.94
19:37:04,55,10,721,72.05
19:37:06,89,0,793,34.44
19:37:08,75,5,187,47.24
19:37:10,114,4,504,57.17
19:37:12,72,8,217,61.16
19:37:14,57,3,39,30.83
19:37:16,98,5,793,60.96
19:37:18,108,1,451,40.45
19:37:20,93,2,376,40.15
19:37:23,71,2,374,33.97
19:37:25,94,10,232,77.10
19:37:27,86,7,594,64.81
19:37:29,65,0,467,23.80
19:37:31,59,1,492,27.22
19:37:33,94,9,774,78.81
19:37:35,56,1,785,29.90
19:37:37,107,7,731,72.33
19:37:39,93,3,565,47.22
19:37:41,113,1,676,44.55
19:37:43,96,8,573,72.16
19:37:45,92,0,635,33.38
19:37:47,86,2,557,40.36
19:37:49,115,2,119,43.23
19:37:51,77,6,141,52.05
19:37:53,66,1,792,32.78
19:37:55,57,2,518,31.78
19:37:57,70,5,223,46.28
19:37:59,77,4,518,46.98
19:38:01,104,10,238,79.98
19:38:03,105,2,788,48.46
19:38:05,97,10,148,76.94
19:38:07,94,8,305,68.38
19:38:09,101,4,611,54.81
19:38:11,76,4,532,46.86
19:38:13,104,5,777,62.44
19:38:15,87,4,237,46.40
19:38:17,62,2,406,31.83
19:38:19,92,4,793,54.48
19:38:21,82,9,499,72.15
19:38:23,88,2,703,42.68
19:38:25,60,1,612,28.94
19:38:27,110,4,644,57.73
19:38:29,95,0,503,32.64
19:38:31,97,8,424,70.65
19:38:33,97,10,106,76.43
19:38:35,110,0,415,35.78
19:38:37,70,0,250,22.60
19:38:39,109,9,679,81.87
19:38:41,80,6,659,59.11
19:38:43,107,0,513,36.12
19:38:45,58,10,187,66.48
19:38:47,112,2,487,46.80
19:38:49,73,0,135,22.06
19:38:51,75,7,356,58.87
19:38:53,105,2,710,47.52
19:38:55,74,3,10,35.24
19:38:57,82,3,597,44.52
19:38:59,75,0,786,30.43
19:39:01,64,2,725,36.22
19:39:03,92,1,266,33.75
19:39:05,59,0,69,17.35
19:39:07,104,4,391,53.01
19:39:09,109,5,417,59.52
19:39:11,70,5,140,45.28
19:39:13,88,3,527,45.36
19:39:15,82,9,346,70.31
19:39:17,96,8,3,65.32
19:39:19,108,1,221,37.69
19:39:21,71,8,494,64.21
19:39:23,97,10,413,80.12
19:39:25,78,5,370,50.28
19:39:27,87,10,283,75.76
19:39:29,74,9,262,67.06
19:39:31,66,1,59,23.99
19:39:33,59,9,46,60.27
19:39:35,70,0,430,24.76
19:39:37,58,4,77,36.36
19:39:39,78,9,215,67.62
19:39:41,57,2,665,33.54
19:39:43,56,8,456,59.55
19:39:45,57,10,638,71.62
19:39:47,87,7,257,61.04
19:39:49,101,3,585,49.70
19:39:51,94,3,755,49.78
19:39:53,69,4,468,44.14
19:39:55,109,2,274,43.41
19:39:57,99,9,85,71.94
19:39:59,98,2,54,37.69
19:40:01,59,0,280,19.88
19:40:03,73,2,627,37.56
19:40:05,94,3,771,49.97
19:40:07,115,2,290,45.28
19:40:09,57,0,6,16.03
19:40:11,57,4,748,44.14
19:40:14,114,4,565,57.90
19:40:16,114,2,526,47.83
19:40:18,71,7,251,56.49
19:40:20,108,9,48,74.02
19:40:22,65,3,168,34.62
19:40:24,98,6,484,62.05
19:40:26,96,7,285,63.90
19:40:28,86,5,624,55.57
19:40:30,93,7,297,63.20
19:40:32,111,8,385,74.10
19:40:34,64,7,777,60.84
19:40:36,95,0,653,34.44
19:40:38,74,3,80,36.08
19:40:40,89,9,488,73.98
19:40:42,107,5,319,57.79
19:40:44,68,9,787,71.68
19:40:46,88,9,673,75.92
19:40:48,69,9,730,71.28
19:40:50,68,10,476,72.75
19:40:52,102,5,744,61.49
19:40:54,106,0,663,37.64
19:40:56,89,5,234,51.73
19:40:58,113,2,170,43.28
19:41:00,82,7,48,57.14
19:41:02,83,9,658,74.34
19:41:04,65,4,474,43.09
19:41:06,92,4,520,51.20
19:41:08,59,0,796,26.07
19:41:10,55,0,511,21.53
19:41:12,95,0,770,35.84
19:41:14,101,8,1,66.69
19:41:16,57,4,207,37.64
19:41:18,109,2,771,49.37
19:41:20,100,9,471,76.85
19:41:22,74,6,329,53.47
19:41:24,80,10,768,79.62
19:41:26,87,8,791,72.25
19:41:28,90,1,346,34.15
19:41:30,98,0,330,31.40
19:41:32,65,1,398,27.78
19:41:34,91,9,200,71.08
19:41:36,78,5,576,52.75
19:41:38,111,6,541,66.37
19:41:40,99,8,106,67.39
19:41:42,58,1,25,21.34
19:41:44,60,7,200,52.80
19:41:46,57,9,550,65.76
19:41:48,73,5,728,53.18
19:41:50,87,9,204,70.01
19:41:52,70,4,613,46.16
19:41:54,111,10,474,84.77
19:41:56,56,5,92,40.78
19:41:58,101,0,600,35.48
19:42:00,57,7,587,56.60
19:42:02,86,3,449,43.87
19:42:04,103,10,396,81.59
19:42:06,96,7,85,61.50
19:42:08,75,4,92,41.30
19:42:10,109,2,612,47.46
19:42:12,84,8,88,62.98
19:42:14,98,0,291,30.93
19:42:16,103,8,799,76.83
19:42:18,115,5,450,61.60
19:42:20,114,10,343,84.04
19:42:22,106,4,155,50.74
19:42:24,102,2,474,43.85
19:42:26,89,10,184,75.13
19:42:28,86,5,93,49.20
19:42:30,65,2,733,36.60
19:42:32,105,1,226,36.91
19:42:34,84,1,259,31.43
19:42:36,58,7,301,53.45
19:42:38,114,1,4,36.77
19:42:40,98,4,9,46.75
19:42:42,114,4,361,55.45
19:42:44,98,2,796,46.59
19:42:46,61,2,778,36.02
19:42:48,99,0,588,34.78
19:42:50,91,5,645,57.22
19:42:52,93,1,86,31.87
19:42:54,97,7,146,62.51
19:42:56,104,3,58,44.22
19:42:58,72,2,114,31.13
19:43:00,60,2,502,32.42
19:43:02,101,3,361,47.01
19:43:04,88,5,45,49.18
19:43:06,76,3,460,41.20
19:43:08,96,6,472,61.34
19:43:11,72,5,491,50.05
19:43:13,98,1,565,39.02
19:43:15,58,8,411,59.57
19:43:17,112,8,432,74.94
19:43:19,101,4,280,50.84
19:43:21,103,5,566,59.63
19:43:23,66,1,761,32.41
19:43:25,91,3,434,45.09
19:43:27,78,6,243,53.56
19:43:29,75,6,786,59.23
19:43:31,105,9,311,76.33
19:43:33,91,5,577,56.40
19:43:35,70,10,521,73.85
19:43:37,102,3,241,45.85
19:43:39,108,9,213,76.00
19:43:41,110,2,576,47.31
19:43:43,86,5,350,52.28
19:43:45,104,4,719,56.95
19:43:47,60,7,483,56.20
19:43:49,115,10,762,89.34
19:43:51,58,2,265,29.02
19:43:53,61,7,616,58.07
19:43:55,57,10,279,67.31
19:43:57,106,3,88,45.14
19:43:59,76,5,793,54.80
19:44:01,58,1,367,25.44
19:44:03,68,0,484,24.85
19:44:05,101,1,795,42.62
19:44:07,100,4,661,55.13
19:44:09,92,1,443,35.88
19:44:11,83,9,379,70.99
19:44:13,112,7,578,71.90
19:44:15,77,7,378,59.70
19:44:17,84,1,626,35.83
19:44:19,111,5,668,63.10
19:44:21,99,8,489,71.99
19:44:23,90,4,457,49.88
19:44:25,60,2,13,26.56
19:44:27,105,4,189,50.87
19:44:29,74,5,495,50.66
19:44:31,90,5,393,53.92
19:44:33,101,0,628,35.82
19:44:35,75,9,398,68.98
19:44:37,80,2,687,40.24
19:44:39,60,8,64,55.97
19:44:41,66,10,562,73.22
19:44:43,74,10,674,76.81
19:44:45,88,7,212,60.78
19:44:47,111,3,329,49.43
19:44:49,77,9,52,65.38
19:44:51,115,8,69,71.43
19:44:53,74,7,300,57.92
19:44:55,108,8,66,69.43
19:44:57,82,5,552,53.58
19:44:59,67,10,725,75.46
19:45:01,79,4,424,46.41
19:45:03,79,2,649,39.51
19:45:05,79,10,787,79.56
19:45:07,82,5,197,49.32
19:45:09,106,8,501,74.09
19:45:11,99,7,745,70.26
19:45:13,107,10,138,79.62
19:45:15,55,2,349,29.19
19:45:17,61,1,521,28.13
19:45:19,62,2,294,30.49
19:45:21,93,1,413,35.80
19:45:23,83,1,171,30.09
19:45:25,81,0,601,29.89
19:45:27,92,10,718,82.38
19:45:29,85,7,743,66.32
19:45:31,76,7,587,61.92
19:45:33,66,0,748,27.46
19:45:35,88,4,506,49.91
19:45:37,99,7,731,70.09
19:45:39,115,2,450,47.20
19:45:41,68,3,627,40.96
19:45:43,77,3,224,38.65
19:45:45,89,6,556,60.39
19:45:47,76,10,254,72.33
19:45:49,72,3,87,35.60
19:45:51,96,4,491,51.97
19:45:53,106,3,313,47.84
19:45:55,107,9,409,78.07
19:45:57,111,1,487,41.72
19:45:59,90,10,106,74.47
19:46:01,62,7,492,56.86
19:46:03,74,8,450,64.52
19:46:05,107,7,718,72.18
19:46:07,60,2,600,33.60
19:46:09,87,7,212,60.50
19:46:11,97,5,690,59.44
19:46:13,56,2,260,28.40
19:46:15,66,6,91,48.37
19:46:17,90,1,408,34.90
19:46:19,99,5,187,53.96
19:46:21,62,1,572,29.02
19:46:23,70,7,474,58.89
19:46:25,113,4,382,55.42
19:46:27,101,3,715,51.26
19:46:29,109,6,140,61.00
19:46:31,102,10,452,81.98
19:46:33,105,2,213,41.56
19:46:35,71,10,642,75.58
19:46:37,100,10,159,77.91
19:46:39,81,5,278,50.02
19:46:41,88,4,529,50.19
19:46:44,103,7,528,68.78
19:46:46,83,1,381,32.61
19:46:48,81,5,282,50.06
19:46:50,68,5,267,46.24
19:46:52,65,1,529,29.35
19:46:54,87,10,281,75.73
19:46:56,81,7,751,65.29
19:46:58,107,0,735,38.78
19:48:41,57,3,435,35.58
19:48:43,89,6,794,63.25
19:48:46,83,9,345,70.58
19:48:48,64,6,693,55.04
19:48:50,107,3,330,48.32
19:48:52,91,4,461,50.21
19:48:54,58,0,710,24.76
19:48:56,68,4,552,44.86
19:48:58,98,6,641,63.93
19:49:00,55,2,746,33.95
19:49:02,79,10,659,78.03
19:49:04,109,7,248,67.10
19:49:06,92,7,446,64.71
19:49:08,70,4,730,47.56
19:49:10,112,10,485,85.18
19:49:12,89,0,507,31.00
19:49:14,115,3,79,47.55
19:49:16,77,1,535,32.78
19:49:18,69,0,601,26.53
19:49:20,102,1,222,36.02
19:49:22,91,2,464,40.65
19:49:24,63,8,666,64.03
19:49:26,76,3,352,39.90
19:49:28,112,4,348,54.74
19:49:30,56,0,82,16.66
19:49:32,66,8,756,65.95
19:49:34,76,7,281,58.25
19:49:36,77,0,620,29.00
19:49:38,61,6,678,54.02
19:49:40,102,9,643,79.48
19:49:42,57,3,32,30.74
19:49:44,71,9,146,64.83
19:49:46,76,3,43,36.20
19:49:48,78,6,289,54.11
19:49:50,77,2,542,37.66
19:49:52,71,2,460,35.00
19:49:54,65,8,721,65.25
19:49:56,58,3,524,36.93
19:49:58,108,0,212,32.78
19:50:00,76,1,553,32.72
19:50:02,75,4,516,46.39
19:50:04,74,1,14,25.69
19:50:06,61,9,258,63.38
19:50:08,55,2,71,25.85
19:50:10,65,5,674,50.29
19:50:12,83,9,504,72.49
19:50:14,92,0,471,31.41
19:50:16,110,3,712,53.74
19:50:18,55,4,217,37.20
19:50:20,65,1,712,31.54
19:50:22,106,1,578,41.42
19:50:24,79,1,321,30.77
19:50:26,107,4,785,58.58
19:50:29,75,2,577,37.52
19:50:31,111,1,542,42.38
19:50:33,73,1,662,33.18
19:50:35,58,6,775,54.34
19:50:37,78,4,294,44.57
19:50:39,99,6,790,66.00
19:50:41,90,4,123,45.88
19:50:43,60,7,262,53.54
19:50:45,106,0,483,35.48
19:50:47,102,5,797,62.12
19:50:49,89,4,92,45.22
19:50:51,110,1,501,41.61
19:50:53,105,2,525,45.30
19:50:55,59,10,445,69.86
19:50:57,67,1,626,31.07
19:50:59,73,8,136,60.47
19:51:01,61,7,440,55.96
19:51:03,98,10,532,81.82
19:51:05,57,4,468,40.78
19:51:07,79,6,409,55.83
19:51:09,63,8,356,60.31
19:51:11,111,4,726,58.99
19:51:13,85,5,543,54.32
19:51:15,105,3,790,53.28
19:51:17,56,8,793,63.60
19:51:19,65,8,682,64.78
19:51:21,105,5,422,58.46
19:51:23,71,0,83,20.88
19:51:25,82,0,690,31.24
19:51:27,80,10,585,77.42
19:51:29,112,9,441,79.85
19:51:31,94,10,462,79.86
19:51:33,69,9,524,68.81
19:51:35,104,10,271,80.37
19:51:37,64,10,784,75.33
19:51:39,76,2,390,35.56
19:51:41,83,2,344,36.97
19:51:43,58,0,551,22.85
19:51:45,80,8,463,66.36
19:51:47,101,5,161,54.21
19:51:49,60,6,263,48.76
19:51:51,90,1,682,38.18
19:51:53,77,1,382,30.94
19:51:55,110,1,318,39.42
19:51:57,79,2,696,40.07
19:51:59,97,1,792,41.46
19:52:01,112,5,356,59.63
19:52:03,89,1,282,33.10
19:52:05,81,1,498,33.46
19:52:07,97,8,603,72.80
19:52:09,89,6,82,54.70
19:52:11,95,5,448,55.98
19:52:13,63,1,577,29.36
20:27:43,114,1,44,37.25
20:27:46,106,1,414,39.45
20:27:48,111,1,347,40.04
20:27:50,103,3,247,46.20
20:27:52,77,7,185,57.38
20:27:54,94,8,574,71.61
20:27:56,58,8,653,62.48
20:27:58,109,8,614,76.29
20:28:00,81,2,192,34.58
20:28:02,81,9,765,75.06
20:28:04,77,2,213,33.72
20:28:06,110,3,261,48.33
20:28:08,78,5,592,52.94
20:28:10,93,5,694,58.37
20:28:12,69,1,627,31.64
20:28:14,66,9,489,67.55
20:28:16,84,5,68,48.34
20:28:18,112,0,151,33.17
20:28:20,92,4,429,50.11
20:28:22,61,6,796,55.43
20:28:24,112,4,295,54.10
20:28:26,62,4,462,42.10
20:28:28,69,10,212,69.86
20:28:30,85,7,624,64.89
20:28:32,89,6,385,58.34
20:28:34,74,3,720,43.76
20:28:36,112,3,581,52.73
20:28:38,97,6,259,59.07
20:28:40,94,2,399,40.71
20:28:42,93,7,186,61.87
20:28:44,105,4,568,55.42
20:28:46,93,1,630,38.40
20:28:48,113,8,20,70.28
20:28:50,80,2,180,34.16
20:28:52,110,3,145,46.94
20:28:54,79,5,497,52.08
20:28:56,73,5,32,44.82
20:28:58,69,9,341,66.61
20:29:00,65,7,546,58.35
20:29:02,108,4,121,50.89
20:29:04,81,0,634,30.29
20:29:06,70,7,772,62.46
20:29:08,63,9,688,69.10
20:29:10,73,2,573,36.92
20:29:12,87,0,146,26.11
20:29:14,72,9,634,70.97
20:29:16,88,4,439,49.11
20:29:18,94,1,383,35.72
20:29:20,86,9,97,68.44
20:29:22,110,5,498,60.78
20:29:24,101,7,417,66.88
20:29:26,68,9,729,70.99
20:29:28,85,0,523,30.08
20:29:30,100,9,337,75.24
20:29:32,71,6,560,55.40
20:29:34,57,8,187,56.60
20:29:36,90,1,735,38.82
20:29:38,57,7,505,55.62
20:29:40,55,0,630,22.96
20:29:42,67,7,61,53.09
20:29:44,78,4,95,42.18
20:29:46,103,8,620,74.68
20:29:48,61,6,384,50.49
20:29:50,101,4,303,51.12
20:29:52,90,9,683,76.60
20:29:54,75,9,193,66.52
20:29:56,93,3,577,47.36
20:29:58,87,6,706,61.63
20:30:00,96,5,322,54.74
20:30:02,62,3,290,35.24
20:30:04,67,4,49,38.55
20:30:06,113,7,202,67.66
20:30:09,114,0,482,37.70
20:30:11,70,2,785,38.62
20:30:13,113,1,43,36.96
20:30:15,65,5,337,46.24
20:30:17,60,2,757,35.48
20:30:19,64,10,555,72.58
20:30:21,63,4,230,39.60
20:30:23,109,0,185,32.74
20:30:25,95,3,703,49.44
20:30:27,105,4,327,52.52
20:30:29,79,9,192,67.62
20:30:31,103,7,704,70.89
20:30:33,97,0,215,29.74
20:30:35,98,7,186,63.27
20:30:37,103,6,220,60.28
20:30:39,90,2,61,35.53
20:30:41,85,1,6,28.67
20:30:43,87,2,578,40.90
20:30:45,56,8,167,56.08
20:30:47,62,1,646,29.91
20:30:49,90,2,52,35.42
20:30:51,55,8,26,54.11
20:30:53,56,1,449,25.87
20:30:55,100,2,276,40.91
20:30:57,104,5,661,61.05
20:30:59,63,1,38,22.90
20:31:01,55,0,786,24.83
20:31:03,74,4,585,46.94
20:31:05,108,5,210,56.76
20:31:07,99,2,709,45.83
20:31:09,89,0,772,34.18
20:31:11,72,2,49,30.35
20:31:13,81,5,562,53.42
20:31:15,93,9,410,74.16
20:31:17,74,7,607,61.60
20:31:19,71,6,242,51.58
20:31:21,84,3,176,40.03
20:31:23,111,8,309,73.19
20:31:25,102,6,619,64.79
20:31:27,96,1,57,32.36
20:31:29,114,3,513,52.48
20:31:31,100,9,446,76.55
20:31:33,58,3,466,36.23
20:31:35,91,2,426,40.19
20:31:37,90,3,194,41.93
20:31:39,110,0,347,34.96
20:31:41,108,3,299,48.23
20:31:43,84,8,20,62.16
20:31:45,105,2,710,47.52
20:31:47,79,3,693,44.84
20:31:49,74,8,270,62.36
20:31:51,106,9,700,81.28
20:31:53,58,4,652,43.26
20:31:55,69,5,195,45.66
20:31:57,95,7,771,69.45
20:31:59,86,4,152,45.10
20:32:01,108,0,473,35.92
20:32:03,105,6,537,64.64
20:32:05,84,6,357,56.60
20:32:07,93,8,551,71.05
20:32:09,87,9,70,68.40
20:32:11,57,1,510,26.88
20:32:13,72,0,695,28.50
20:32:15,92,0,24,26.05
20:32:17,56,6,452,49.90
20:32:19,75,1,84,26.81
20:32:21,65,4,240,40.28
20:32:23,103,4,113,49.40
20:32:25,84,1,268,31.54
20:32:27,60,1,302,25.22
20:32:29,98,10,678,83.58
20:32:31,72,7,684,61.97
20:32:33,91,1,687,38.52
20:32:35,91,8,283,67.28
20:32:37,94,10,231,77.09
20:32:39,106,3,404,48.93
20:32:41,102,6,98,58.54
20:32:43,80,6,316,54.99
20:32:45,75,6,795,59.34
20:32:47,99,2,690,45.60
20:32:49,77,8,797,69.52
20:32:52,103,5,555,59.50
20:32:54,84,10,396,76.27
20:32:56,83,4,654,50.29
20:32:58,109,1,779,44.67
20:33:00,69,10,18,67.54
20:33:02,60,9,636,67.63
20:33:04,61,4,566,43.07
20:33:06,75,5,616,52.39
20:33:08,78,0,734,30.65
20:33:10,77,5,241,48.45
20:33:12,101,10,793,85.80
20:33:14,87,4,7,43.64
20:33:16,79,1,685,35.14
20:33:18,96,8,298,68.86
20:33:20,55,9,557,65.28
20:33:22,94,6,707,63.60
20:33:24,92,10,531,80.13
20:33:26,88,10,165,74.62
20:33:28,56,5,293,43.20
20:33:30,103,3,173,45.32
20:33:32,108,4,608,56.74
20:33:34,59,9,502,65.74
20:33:36,73,1,16,25.43
20:33:38,82,2,31,32.93
20:33:40,71,1,236,27.51
20:33:42,82,7,591,63.65
20:33:44,81,2,435,37.50
20:33:46,69,8,703,66.16
20:33:48,108,2,495,45.78
20:33:50,79,0,539,28.59
20:33:52,89,3,313,43.08
20:33:54,104,8,173,69.60
20:33:56,107,7,317,67.36
20:33:58,67,6,6,47.63
20:34:00,103,10,496,82.79
20:34:02,99,4,152,48.74
20:34:04,70,3,799,43.59
20:34:06,112,9,669,82.59
20:34:08,104,8,280,70.88
20:34:10,89,9,270,71.36
20:34:12,60,0,55,17.46
20:34:14,75,2,308,34.30
20:34:16,92,0,341,29.85
20:34:18,58,0,162,18.18
20:34:20,110,4,379,54.55
20:34:22,85,8,381,66.77
20:34:24,99,5,580,58.68
20:34:26,106,1,46,35.03
20:34:28,91,7,800,68.68
20:34:30,92,4,726,53.67
20:34:32,94,10,721,82.97
20:34:34,95,4,468,51.42
20:34:36,77,6,142,52.06
20:34:38,62,3,570,38.60
20:34:40,76,3,175,37.78
20:34:42,70,8,512,64.14
20:34:44,91,10,630,81.04
20:34:46,60,0,48,17.38
20:34:48,86,9,52,67.90
20:34:50,59,4,765,44.90
20:34:52,113,3,385,50.66
20:34:54,102,4,534,54.17
20:34:56,92,2,722,44.02
20:34:58,105,5,311,57.13
20:35:00,89,2,469,40.15
20:35:02,100,8,572,73.26
20:35:04,58,6,208,47.54
20:35:06,98,2,698,45.42
20:35:08,102,7,187,64.40
20:35:10,86,6,444,58.21
20:35:12,113,9,621,82.29
20:35:14,81,0,343,26.80
20:35:16,106,10,501,83.69
20:35:18,55,4,297,38.16
20:35:20,113,0,87,32.68
20:35:22,69,7,462,58.46
20:35:24,109,2,717,48.72
20:35:26,68,9,606,69.51
20:35:28,111,0,372,35.54
20:35:30,69,3,211,36.25
20:35:32,61,2,49,27.27
20:35:34,68,4,60,38.96
20:35:36,105,1,474,39.89
20:35:38,111,3,493,51.40
20:35:40,73,9,505,69.70
20:35:42,81,3,361,41.41
20:35:44,59,6,341,49.41
20:35:46,85,7,456,62.87
20:35:49,100,10,697,84.36
20:35:51,73,7,631,61.61
20:35:53,79,7,208,58.22
20:35:55,58,0,207,18.72
20:35:57,83,2,321,36.69
20:35:59,104,7,556,69.39
20:36:01,74,1,707,34.00
20:36:03,58,8,24,54.93
20:36:05,90,4,793,53.92
20:36:07,87,4,747,52.52
20:36:09,77,7,514,61.33
20:36:11,112,1,583,43.16
20:36:13,98,7,121,62.49
20:36:15,89,1,489,35.59
20:36:17,85,1,175,30.70
20:36:19,71,4,333,43.08
20:36:21,89,2,782,43.90
20:36:23,57,3,714,38.93
20:36:25,73,7,570,60.88
20:36:27,106,9,261,76.01
20:36:29,69,0,404,24.17
20:36:31,106,10,523,83.96
20:36:33,78,9,352,69.26
20:36:35,110,10,434,84.01
20:36:37,82,7,468,62.18
20:36:39,87,2,287,37.40
20:36:41,56,1,763,29.64
20:36:43,74,7,269,57.55
20:36:45,74,7,386,58.95
20:36:47,75,2,660,38.52
20:36:49,68,2,793,38.16
20:36:51,91,9,773,77.96
20:36:53,77,8,648,67.74
20:36:55,69,10,293,70.84
20:36:57,93,7,671,67.69
20:36:59,89,10,508,79.02
20:37:01,64,6,32,47.10
20:37:03,94,10,410,79.24
20:37:05,66,1,798,32.86
20:37:07,62,7,595,58.10
20:37:09,61,2,755,35.74
20:37:11,78,2,40,31.92
20:37:13,88,1,364,33.81
20:37:15,100,3,408,47.30
20:37:17,66,4,786,47.11
20:37:19,96,1,64,32.45
20:37:21,115,2,237,44.64
20:37:23,88,3,610,46.36
20:37:25,96,10,120,76.32
20:37:27,108,4,193,51.76
20:37:29,64,3,169,34.35
20:37:31,97,3,454,47.01
20:37:33,111,2,362,45.02
20:37:35,92,10,610,81.08
20:37:37,96,2,49,37.07
20:37:39,98,7,227,63.76
20:37:41,98,8,712,74.38
20:37:43,75,1,558,32.50
20:37:45,107,4,77,50.08
20:37:47,103,4,506,54.11
20:37:49,110,9,656,81.87
20:37:51,82,2,750,41.56
20:37:53,63,2,96,28.39
20:37:55,107,9,232,75.94
20:37:57,111,0,272,34.34
20:37:59,60,3,587,38.24
20:38:01,93,9,756,78.31
20:38:03,92,1,128,32.10
20:38:05,69,0,779,28.67
20:38:07,90,0,763,34.36
20:38:09,83,4,591,49.53
20:38:11,97,7,84,61.77
20:38:13,84,6,365,56.70
20:38:15,87,1,554,35.81
20:38:17,104,10,471,82.77
20:38:20,73,1,238,28.10
20:38:22,106,3,211,46.61
20:38:24,81,1,630,35.04
20:38:26,81,0,30,23.04
20:38:28,56,6,51,45.09
20:38:30,83,9,157,68.32
20:38:32,65,9,612,68.74
20:38:34,109,1,450,40.72
20:38:36,104,0,422,34.18
20:38:38,78,9,231,67.81
20:38:40,69,0,11,19.45
20:38:42,107,8,179,70.51
20:38:44,55,0,414,20.37
20:38:46,83,8,277,64.96
20:38:48,73,9,4,63.69
20:38:50,110,0,116,32.19
20:38:52,98,3,263,45.00
20:38:54,77,6,596,57.51
20:38:56,73,8,511,64.97
20:38:58,89,8,669,71.35
20:39:00,69,7,324,56.81
20:39:02,71,8,538,64.74
20:39:04,102,7,184,64.37
20:39:06,102,2,138,39.82
20:39:08,62,3,164,33.73
20:39:10,77,8,379,64.51
20:39:12,106,10,392,82.38
20:39:14,57,5,782,49.34
20:39:16,106,9,346,77.03
20:39:18,63,8,34,56.45
20:39:20,96,8,383,69.88
20:39:22,102,6,217,59.96
20:39:24,71,5,562,50.62
20:39:26,67,1,24,23.85
20:39:28,65,1,764,32.17
20:39:30,81,9,160,67.80
20:39:32,81,8,97,62.24
20:39:34,85,0,752,32.82
20:39:36,92,6,328,58.50
20:39:38,89,6,430,58.88
20:39:40,111,9,184,76.49
20:39:42,88,8,30,63.40
20:39:44,97,1,301,35.57
20:39:46,67,8,99,58.35
20:39:48,109,10,112,79.86
20:39:50,94,0,364,30.69
20:39:52,84,2,712,41.66
20:39:54,65,7,226,54.51
20:39:56,94,0,717,34.92
20:39:58,95,10,792,84.10
20:40:00,73,6,443,54.56
20:40:02,57,1,11,20.89
20:40:04,82,2,613,39.92
20:40:06,100,1,681,40.97
20:40:08,73,1,591,32.33
20:40:10,93,0,192,28.34
20:40:12,73,8,641,66.53
20:40:14,69,2,278,32.26
20:40:16,57,4,13,35.32
20:40:18,73,10,650,76.24
20:40:20,86,0,786,33.51
20:40:22,111,4,264,53.45
20:40:24,80,10,646,78.15
20:40:26,55,7,483,54.80
20:40:28,55,9,45,59.14
20:40:30,76,7,320,58.72
20:40:32,101,8,214,69.25
20:40:34,87,2,438,39.22
20:40:36,69,1,25,24.42
20:40:38,74,9,417,68.92
20:40:40,87,0,333,28.36
20:40:42,78,7,266,58.63
20:40:44,89,8,649,71.11
20:40:46,109,5,33,54.92
20:40:48,90,8,130,65.16
20:40:50,103,1,613,41.00
20:40:52,115,5,10,56.32
20:40:54,110,10,667,86.80
20:40:56,103,0,397,33.60
20:40:58,55,0,571,22.25
20:41:00,57,7,183,51.76
20:41:02,91,5,569,56.31
20:41:04,95,2,627,43.72
20:41:06,99,7,487,67.16
20:41:08,60,6,206,48.07
20:41:10,95,8,134,66.61
20:41:12,64,5,172,43.98
20:41:14,85,9,7,67.08
20:41:16,96,3,25,41.58
20:41:18,63,2,291,30.73
20:41:21,78,5,371,50.29
20:41:23,80,2,182,34.18
20:41:25,62,3,423,36.84
20:41:27,71,5,57,44.56
20:41:29,69,10,54,67.97
20:41:31,58,7,793,59.36
20:41:33,87,2,774,43.25
20:41:35,93,9,86,70.27
20:41:37,59,5,399,45.31
20:41:39,55,10,563,70.16
20:41:41,99,5,177,53.84
20:41:43,107,4,11,49.29
20:41:45,108,10,556,84.91
20:41:47,94,1,601,38.33
20:41:49,85,7,508,63.50
20:41:51,56,6,653,52.32
20:41:53,72,4,735,48.18
20:41:55,91,2,368,39.50
20:41:57,81,7,290,59.76
20:41:59,64,2,538,33.98
20:42:01,95,4,40,46.28
20:42:03,97,1,547,38.52
20:42:05,62,1,451,27.57
20:42:07,106,9,440,78.16
20:42:09,113,8,422,75.10
20:42:11,66,10,670,74.52
20:42:13,68,10,363,71.40
20:42:15,55,7,171,51.05
20:42:17,93,3,393,45.16
20:42:19,115,0,389,36.87
20:42:21,88,7,416,63.23
20:42:23,59,1,160,23.24
20:42:25,57,2,168,27.58
20:42:27,109,6,541,65.81
20:42:29,106,1,757,43.56
20:42:31,90,4,432,49.58
20:42:33,72,1,705,33.42
20:42:35,74,1,472,31.18
20:42:37,84,5,12,47.66
20:42:39,82,10,111,72.29
20:42:41,78,9,190,67.32
20:42:43,56,3,75,30.98
20:42:45,64,7,512,57.66
20:42:47,91,2,409,39.99
20:42:49,94,6,425,60.22
20:42:51,67,2,329,32.31
20:42:53,97,7,544,67.29
20:42:55,98,10,51,76.05
20:42:57,64,8,790,65.80
20:42:59,102,5,555,59.22
20:43:01,111,3,494,51.41
20:43:03,82,0,287,26.40
20:43:05,69,6,730,56.88
20:43:07,72,6,782,58.34
20:43:09,93,7,8,59.74
20:43:11,73,10,233,71.24
20:43:13,74,6,470,55.16
20:43:15,111,10,361,83.41
20:43:17,85,9,9,67.11
20:43:19,111,8,94,70.61
20:43:21,77,0,332,25.54
20:43:23,73,2,404,34.89
20:43:25,55,6,372,48.66
20:43:27,76,3,553,42.32
20:43:29,65,8,296,60.15
20:43:31,83,5,741,56.13
20:43:33,111,5,446,60.43
20:43:35,78,9,775,74.34
20:43:37,92,8,738,73.02
20:43:39,63,1,90,23.52
20:43:41,66,0,58,19.18
20:43:43,57,7,716,58.15
20:43:45,75,2,779,39.95
20:43:47,100,5,122,53.46
20:43:49,58,9,557,66.12
20:43:51,115,7,304,69.45
20:43:53,109,7,171,66.17
20:43:55,86,8,647,70.24
20:43:57,62,10,161,67.29
20:43:59,105,6,709,66.71
20:44:01,105,3,678,51.94
20:44:03,67,0,172,20.82
20:44:05,71,10,748,76.86
20:44:07,103,0,665,36.82
20:44:09,106,6,138,60.14
20:44:11,61,8,424,60.57
20:44:13,101,0,636,35.91
20:44:15,104,4,622,55.78
20:44:17,84,9,798,76.30
20:44:19,115,4,162,53.34
20:44:21,88,4,320,47.68
20:44:23,107,6,386,63.39
20:44:25,71,6,268,51.90
20:44:27,68,5,667,51.04
20:44:29,55,7,564,55.77
20:44:31,100,10,478,81.74
20:44:34,88,7,603,65.48
20:44:36,76,6,799,59.67
20:44:38,98,10,394,80.17
20:44:40,114,10,321,83.77
20:44:42,68,3,470,39.08
20:44:44,112,4,61,51.29
20:44:46,108,5,616,61.63
20:44:48,76,5,740,54.16
20:44:50,112,1,319,39.99
20:44:52,113,8,674,78.13
20:44:54,67,6,110,48.88
20:44:56,114,8,658,78.22
20:44:58,107,1,571,41.61
20:45:00,108,5,482,60.02
20:45:02,102,10,377,81.08
20:45:04,96,7,174,62.57
20:45:06,82,1,213,30.32
20:45:08,74,2,327,34.24
20:45:10,96,7,21,60.73
20:45:12,78,2,163,33.40
20:45:14,110,4,252,53.02
20:45:16,56,8,397,58.84
20:45:18,85,3,12,38.34
20:45:20,112,8,441,75.05
20:45:22,85,6,275,55.90
20:45:24,79,1,443,32.24
20:45:26,60,6,620,53.04
20:45:28,92,6,20,54.80
20:45:30,79,0,198,24.50
20:45:32,63,2,580,34.20
20:45:34,108,3,493,50.56
20:45:36,59,4,336,39.75
20:45:38,85,1,501,34.61
20:45:40,86,5,737,56.92
20:45:42,67,6,468,53.18
20:45:44,115,0,794,41.73
20:45:46,104,10,188,79.38
20:45:48,108,10,776,87.55
20:45:50,77,7,264,58.33
20:45:52,89,4,306,47.79
20:45:54,70,2,481,34.97
20:45:56,55,3,607,37.08
20:45:58,61,4,656,44.15
20:46:00,100,10,252,79.02
20:46:02,79,6,42,51.42
20:46:04,57,7,233,52.36
20:46:06,72,5,72,45.02
20:46:08,74,3,84,36.13
20:46:10,103,9,224,74.73
20:46:12,76,6,446,55.43
20:46:14,86,2,501,39.69
20:46:16,97,4,169,48.39
20:46:18,57,10,61,64.69
20:46:20,87,10,153,74.20
20:46:22,79,5,460,51.64
20:46:24,98,0,414,32.41
20:46:26,67,5,164,44.73
20:46:28,78,3,671,44.29
20:46:30,96,5,799,60.47
20:46:32,92,10,27,74.08
20:46:34,95,7,46,60.75
20:46:36,111,9,272,77.54
20:46:38,67,8,643,64.88
20:46:40,108,6,767,68.24
20:46:42,67,9,155,63.82
20:46:44,72,7,321,57.61
20:46:46,56,3,221,32.73
20:46:48,98,6,273,59.52
20:46:50,93,5,666,58.03
20:46:52,92,3,405,45.02
20:46:54,71,9,786,72.51
20:46:56,68,2,720,37.28
20:46:58,98,2,86,38.07
20:47:00,62,0,736,26.19
20:47:02,77,0,196,23.91
20:47:04,86,7,571,64.53
20:47:06,64,10,316,69.71
20:47:08,74,3,612,42.46
20:47:10,70,5,123,45.08
20:47:12,73,7,749,63.03
20:47:14,109,5,40,55.00
20:47:16,76,6,727,58.80
20:47:18,74,9,515,70.10
20:47:20,112,1,462,41.70
20:47:22,68,5,112,44.38
20:47:25,82,1,18,27.98
20:47:27,61,6,203,48.32
20:47:29,102,8,131,68.53
20:47:31,102,6,778,66.70
20:47:33,64,9,598,68.30
20:47:35,78,9,220,67.68
20:47:37,113,4,232,53.62
20:47:39,74,1,51,26.13
20:47:41,61,8,639,63.15
20:47:43,78,6,373,55.12
20:47:45,91,4,493,50.60
20:47:47,68,9,368,66.66
20:47:49,90,10,727,81.92
20:47:51,110,7,503,70.44
20:47:53,74,2,140,32.00
20:47:55,62,0,406,22.23
20:47:57,93,8,166,66.43
20:47:59,64,4,562,43.86
20:48:01,101,10,432,81.46
20:48:03,59,7,699,58.51
20:48:05,112,5,106,56.63
20:48:07,101,3,700,51.08
20:48:09,96,4,125,47.58
20:48:11,109,1,181,37.49
20:48:13,67,0,772,28.02
20:48:15,101,2,745,46.82
20:48:17,56,2,713,33.84
20:48:19,109,3,42,45.42
20:48:21,113,5,149,57.43
20:48:23,74,6,665,57.50
20:48:25,109,1,264,38.49
20:48:27,69,2,120,30.36
20:48:29,111,0,740,39.96
20:48:31,75,0,737,29.84
20:48:33,59,4,304,39.37
20:48:35,114,1,477,42.44
20:48:37,84,0,596,30.67
20:48:39,94,10,628,81.86
20:48:41,92,6,692,62.86
20:48:43,71,7,476,59.19
20:48:45,67,5,421,47.81
20:48:47,87,5,497,54.32
20:48:49,89,7,14,58.69
20:48:51,105,5,483,59.20
20:48:53,81,5,180,48.84
20:48:55,73,8,620,66.28
20:48:57,80,9,505,71.66
20:48:59,106,6,435,63.70
20:49:01,98,10,398,80.22
20:49:03,60,0,63,17.56
20:49:05,106,7,23,63.56
20:49:07,61,9,626,67.79
20:49:09,66,10,151,68.29
20:49:11,82,9,67,66.96
20:49:13,95,4,281,49.17
20:49:15,70,10,631,75.17
20:49:17,64,9,716,69.71
20:49:19,58,6,285,48.46
20:49:21,104,5,560,59.84
20:49:23,79,10,69,70.95
20:49:25,55,5,444,44.73
20:49:27,71,6,13,48.84
20:49:29,113,9,389,79.51
20:49:31,85,9,341,71.09
20:49:33,89,2,93,35.64
20:49:35,69,3,708,42.22
20:49:37,69,7,492,58.82
20:49:39,85,5,608,55.10
20:49:41,76,1,212,28.62
20:49:43,106,9,333,76.88
20:49:45,99,8,742,75.02
20:49:47,115,8,352,74.82
20:49:49,88,5,228,51.38
20:49:51,64,3,691,40.61
20:49:53,68,6,622,55.30
20:49:55,86,10,590,79.16
20:49:57,58,5,796,49.79
20:49:59,61,2,250,29.68
20:50:02,95,6,412,60.34
20:50:04,85,2,338,37.46
20:50:06,81,5,238,49.54
20:50:08,114,6,358,65.02
20:50:10,84,3,476,43.63
20:50:12,99,8,678,74.26
20:50:14,58,10,144,65.97
20:50:16,82,6,678,59.90
20:50:18,75,1,705,34.26
20:50:20,76,2,287,34.32
20:50:22,103,1,375,38.14
20:50:24,101,6,522,63.34
20:50:26,74,2,142,32.02
20:50:28,111,6,374,64.37
20:50:30,64,4,614,44.49
20:50:32,69,0,416,24.31
20:50:34,89,0,360,29.24
20:50:36,86,5,2,48.10
20:50:38,98,5,783,60.84
20:50:40,94,6,359,59.43
20:50:42,77,5,498,51.54
20:50:44,85,2,131,34.97
20:50:46,58,6,344,49.17
20:50:48,112,2,74,41.85
20:50:50,84,1,599,35.51
20:50:52,60,2,353,30.64
20:50:54,104,4,749,57.31
20:50:56,62,8,110,57.08
20:50:58,55,4,181,36.77
20:51:00,99,3,195,44.46
20:51:02,79,10,604,77.37
20:51:04,112,10,479,85.11
20:51:06,90,1,415,34.98
20:51:08,68,0,329,22.99
20:51:10,66,2,156,29.95
20:51:12,98,9,530,77.00
20:51:14,111,5,546,61.63
20:51:16,95,7,290,63.68
20:51:18,71,3,269,37.51
20:51:20,95,6,315,59.18
20:51:22,55,1,237,23.04
20:51:24,112,9,779,83.91
20:51:26,104,0,711,37.65
20:51:28,64,8,286,59.75
20:51:30,84,8,63,62.68
20:51:32,95,0,366,30.99
20:51:34,76,8,163,61.64
20:51:36,67,3,580,40.12
20:51:38,57,2,535,31.98
20:51:40,85,10,698,80.18
20:51:42,60,1,457,27.08
20:51:44,108,10,748,87.22
20:51:46,66,2,729,36.83
20:51:48,65,7,678,59.94
20:51:50,109,5,535,60.94
20:51:52,55,1,112,21.54
20:51:54,98,1,298,35.82
20:51:56,75,5,342,49.10
20:51:58,104,1,594,41.05
20:52:00,69,10,529,73.67
20:52:02,76,1,758,35.18
20:52:04,95,2,366,40.59
20:52:06,113,4,401,55.65
20:52:08,103,8,744,76.17
20:52:10,100,0,389,32.67
20:52:12,104,1,45,34.46
20:52:14,73,4,626,47.15
20:52:16,115,2,337,45.84
20:52:18,89,7,498,64.50
20:52:20,108,2,679,47.99
20:52:22,81,10,74,71.57
20:52:24,72,9,295,66.90
20:52:26,106,1,465,40.06
20:52:28,67,9,692,70.26
20:52:30,67,8,652,64.98
20:52:32,78,6,312,54.38
20:52:34,79,4,74,42.21
20:52:36,81,8,243,64.00
20:52:38,79,3,518,42.74
20:52:41,107,4,121,50.61
20:52:43,76,0,202,23.70
20:52:45,81,5,297,50.24
20:52:47,85,4,577,49.92
20:52:49,82,10,415,75.94
20:52:51,103,4,704,56.49
20:52:53,103,7,748,71.42
20:52:55,112,8,32,70.14
20:52:57,96,3,309,44.99
20:52:59,108,10,142,79.94
20:53:01,81,5,661,54.61
20:53:03,86,5,121,49.53
20:53:05,104,3,377,48.04
20:53:07,94,6,735,63.94
20:53:09,69,5,734,52.13
20:53:11,60,8,666,63.19
20:53:13,89,1,443,35.04
20:53:15,100,5,243,54.92
20:53:17,75,6,116,51.19
20:53:19,70,3,634,41.61
20:53:21,63,1,418,27.46
20:53:23,95,1,7,31.48
20:53:25,107,3,575,51.26
20:53:27,84,6,712,60.86
20:53:29,80,0,722,31.06
20:53:31,82,9,474,71.85
20:53:33,80,8,116,62.19
20:53:35,70,6,365,52.78
20:53:37,77,6,144,52.09
20:53:39,71,6,373,53.16
20:53:41,104,4,205,50.78
20:53:43,65,6,314,50.77
20:53:45,65,10,724,74.89
20:53:47,86,5,11,48.21
20:53:49,76,10,106,70.55
20:53:51,80,1,481,32.97
20:53:53,76,5,654,53.13
20:53:55,115,8,641,78.29
20:53:57,62,10,560,72.08
20:53:59,67,9,368,66.38
20:54:01,58,7,104,51.09
20:54:03,106,10,189,79.95
20:54:05,96,8,523,71.56
20:54:07,79,1,234,29.73
20:54:09,60,1,193,23.92
20:54:11,84,0,478,29.26
20:54:13,78,9,285,68.46
20:54:15,63,7,409,56.15
20:54:17,61,0,560,23.80
20:54:19,56,6,372,48.94
20:54:21,110,0,291,34.29
20:54:23,57,0,317,19.76
20:54:25,84,4,221,45.37
20:54:27,71,1,780,34.04
20:54:29,115,0,329,36.15
20:54:31,90,1,53,30.64
20:54:33,115,6,349,65.19
20:54:35,76,8,293,63.20
20:54:37,112,8,385,74.38
20:54:39,86,3,602,45.70
20:54:41,72,6,321,52.81
20:54:43,91,10,441,78.77
20:54:45,83,9,749,75.43
20:54:47,84,3,175,40.02
20:54:49,67,6,274,50.85
20:54:51,90,5,413,54.16
20:54:53,94,4,656,53.39
20:54:55,104,3,492,49.42
20:54:57,56,2,515,31.46
20:55:00,108,4,779,58.79
20:55:02,94,3,244,43.65
20:55:04,106,8,208,70.58
20:55:06,61,7,443,56.00
20:55:08,95,5,644,58.33
20:55:10,111,0,627,38.60
20:55:12,109,0,718,39.14
20:55:14,109,7,476,69.83
20:55:16,58,1,137,22.68
20:55:18,83,10,465,76.82
20:55:20,106,8,513,74.24
20:55:22,70,8,313,61.76
20:55:24,96,8,68,66.10
20:55:26,107,7,261,66.69
20:55:28,93,2,346,39.79
20:55:30,115,7,2,65.82
20:55:32,113,9,374,79.33
20:55:34,70,7,384,57.81
20:55:36,74,1,276,28.83
20:55:38,55,9,627,66.12
20:55:40,113,5,47,56.20
20:55:42,71,4,338,43.14
20:55:44,84,4,307,46.40
20:55:46,93,8,651,72.25
20:55:48,68,6,120,49.28
20:55:50,64,6,482,52.50
20:55:52,83,1,60,28.76
20:55:54,76,2,590,37.96
20:55:56,60,5,224,43.49
20:55:58,89,0,308,28.62
20:56:00,78,7,754,64.49
20:56:02,67,1,132,25.14
20:56:04,87,7,659,65.87
20:56:06,83,9,568,73.26
20:56:08,73,10,185,70.66
20:56:10,101,6,543,63.60
20:56:12,60,0,327,20.72
20:56:14,78,4,319,44.87
20:56:16,61,0,65,17.86
20:56:18,58,7,514,56.01
20:56:20,114,3,640,54.00
20:56:22,91,5,504,55.53
20:56:24,67,5,155,44.62
20:56:26,60,5,11,40.93
20:56:28,111,8,727,78.20
20:56:30,103,3,440,48.52
20:56:32,106,3,104,45.33
20:56:34,105,7,370,67.44
20:56:36,114,6,538,67.18
20:56:38,60,4,346,40.15
20:56:40,99,0,387,32.36
20:56:42,108,4,639,57.11
20:56:44,70,4,679,46.95
20:56:46,84,5,790,57.00
20:56:48,68,2,768,37.86
20:56:50,55,0,624,22.89
20:56:52,87,9,33,67.96
20:56:54,71,9,513,69.24
20:56:56,110,5,23,55.08
20:56:58,101,2,313,41.64
20:57:00,71,10,269,71.11
20:57:02,104,1,258,37.02
20:57:04,57,6,740,53.64
20:57:06,79,1,499,32.91
20:57:08,101,0,389,32.95
20:57:10,85,0,271,27.05
20:57:12,103,10,227,79.56
20:57:14,68,5,285,46.46
20:57:16,66,7,106,53.35
20:57:18,84,8,354,66.17
20:57:20,74,5,128,46.26
20:57:22,101,0,673,36.36
20:57:24,77,5,774,54.85
20:57:26,107,2,695,47.90
20:57:28,110,0,671,38.85
20:57:30,73,10,516,74.63
20:57:32,66,7,724,60.77
20:57:34,76,6,7,50.16
20:57:36,109,2,490,46.00
20:57:38,66,7,267,55.28
20:57:40,79,4,629,48.87
20:57:42,95,4,74,46.69
20:57:45,70,2,749,38.19
20:57:47,61,5,618,48.50
20:57:49,101,1,728,41.82
20:57:51,110,3,144,46.93
20:57:53,111,8,328,73.42
20:57:55,114,3,694,54.65
20:57:57,74,3,142,36.82
20:57:59,109,5,75,55.42
20:58:01,56,6,376,48.99
20:58:03,101,2,333,41.88
20:58:05,82,0,557,29.64
20:58:07,114,6,727,69.44
20:58:09,102,2,774,47.45
20:58:11,61,3,729,40.23
20:58:13,99,10,144,77.45
20:58:15,86,1,243,31.80
20:58:17,60,1,203,24.04
20:58:19,82,4,553,48.80
20:58:21,103,1,57,34.32
20:58:23,95,1,765,40.58
20:58:25,72,10,177,70.28
20:58:27,112,9,685,82.78
20:58:29,115,9,0,75.40
20:58:31,66,2,502,34.10
20:58:33,107,7,729,72.31
20:58:35,99,4,67,47.72
20:58:37,65,8,487,62.44
20:58:39,81,0,556,29.35
20:58:41,62,3,120,33.20
20:58:43,114,2,781,50.89
20:58:45,81,5,308,50.38
20:58:47,77,2,199,33.55
20:58:49,98,6,439,61.51
20:58:51,92,4,649,52.75
20:58:53,81,1,581,34.45
20:58:55,100,3,150,44.20
20:58:57,111,7,783,74.08
20:58:59,68,8,249,60.43
20:59:01,98,5,67,52.24
20:59:03,78,0,31,22.21
20:59:05,67,2,673,36.44
20:59:07,85,6,737,61.44
20:59:09,102,9,330,75.72
20:59:11,61,3,791,40.97
20:59:13,60,0,362,21.14
20:59:15,82,5,8,47.06
20:59:17,76,4,267,43.68
20:59:19,57,0,512,22.10
20:59:21,110,8,4,69.25
20:59:23,61,6,632,53.46
20:59:25,105,2,349,43.19
20:59:27,69,1,439,29.39
20:59:29,65,3,669,40.63
20:59:31,80,1,715,35.78
20:59:33,90,1,358,34.30
20:59:35,74,7,97,55.48
20:59:37,69,8,395,62.46
20:59:39,103,7,59,63.15
20:59:41,58,3,207,33.12
20:59:43,101,8,138,68.34
20:59:45,108,6,673,67.12
20:59:47,86,7,12,57.82
20:59:49,105,9,323,76.48
20:59:51,111,5,276,58.39
20:59:53,57,6,52,45.38
20:59:55,98,6,627,63.76
20:59:57,61,6,735,54.70
20:59:59,87,1,276,32.47
21:00:01,107,0,219,32.59
21:00:03,112,1,60,36.88
21:00:05,111,6,347,64.04
21:00:07,74,6,412,54.46
21:00:09,87,5,413,53.32
21:00:11,55,8,276,57.11
21:00:13,102,3,157,44.84
21:00:15,95,0,481,32.37
21:00:17,58,3,475,36.34
21:00:19,100,6,596,63.95
21:00:21,77,4,538,47.22
21:00:23,107,7,86,64.59
21:00:25,109,0,794,40.05
21:00:27,61,8,239,58.35
21:00:29,100,8,503,72.44
21:00:31,62,10,731,74.13
21:00:33,97,9,246,73.31
21:00:35,98,3,610,49.16
21:00:37,92,9,90,70.04
21:00:40,88,9,640,75.52
21:00:42,108,10,328,82.18
21:00:44,109,5,292,58.02
21:00:46,74,1,499,31.51
21:00:48,83,0,520,29.48
21:00:50,106,10,48,78.26
21:00:52,77,3,799,45.55
21:00:54,104,9,278,75.66
21:00:56,99,7,147,63.08
21:00:58,98,4,667,54.64
21:01:00,86,9,575,74.18
21:01:02,64,7,505,57.58
21:01:04,71,4,682,47.26
21:01:06,64,10,183,68.12
21:01:08,101,0,323,32.16
21:01:10,67,8,427,62.28
21:01:12,98,2,532,43.42
21:01:14,69,3,400,38.52
21:01:16,88,8,470,68.68
21:01:18,113,4,154,52.69
21:01:20,93,8,145,66.18
21:01:22,114,4,765,60.30
21:01:24,92,3,587,47.20
21:01:26,108,10,118,79.66
21:01:28,61,6,694,54.21
21:01:30,104,10,27,77.44
21:01:32,114,2,791,51.01
21:01:34,67,7,564,59.13
21:01:36,73,4,768,48.86
21:01:38,55,1,770,29.44
21:01:40,98,7,221,63.69
21:01:42,78,5,64,46.61
21:01:44,90,9,285,71.82
21:01:46,108,4,658,57.34
21:01:48,111,9,724,82.97
21:01:50,67,4,379,42.51
21:01:52,88,10,217,75.24
21:01:54,63,6,742,55.34
21:01:56,75,8,388,64.06
21:01:58,58,9,633,67.04
21:02:00,81,2,475,37.98
21:02:02,89,8,347,67.48
21:02:04,63,6,0,46.44
21:02:06,95,8,752,74.02
21:02:08,111,8,200,71.88
21:02:10,65,5,169,44.23
21:02:12,115,5,780,65.56
21:02:14,64,4,314,40.89
21:02:16,74,9,412,68.86
21:02:18,111,7,284,68.09
21:02:20,108,9,640,81.12
21:02:22,88,6,402,58.26
21:02:24,94,7,119,61.35
21:02:26,88,4,549,50.43
21:02:28,108,10,427,83.36
21:02:30,98,3,751,50.85
21:02:32,70,10,103,68.84
21:02:34,92,0,32,26.14
21:02:36,77,0,437,26.80
21:02:38,104,4,330,52.28
21:02:40,108,3,731,53.41
21:02:42,67,3,8,33.26
21:02:44,109,1,634,42.93
21:02:46,57,4,729,43.91
21:02:48,96,5,650,58.68
21:02:50,111,8,470,75.12
21:02:52,80,2,688,40.26
21:02:54,56,1,320,24.32
21:02:56,69,9,588,69.58
21:02:58,105,4,474,54.29
21:03:00,98,7,352,65.26
21:03:02,97,8,510,71.68
21:03:04,96,2,580,43.44
21:03:06,77,2,352,35.38
21:03:09,62,0,37,17.80
21:03:11,115,2,323,45.68
21:03:13,64,6,407,51.60
21:03:15,66,4,674,45.77
21:03:17,91,10,433,78.68
21:03:19,86,10,72,72.94
21:03:21,99,5,636,59.35
21:03:23,111,5,265,58.26
21:03:25,106,1,450,39.88
21:03:27,96,4,510,52.20
21:03:29,67,8,85,58.18
21:03:31,66,4,340,41.76
21:03:33,66,9,142,63.38
21:03:35,63,0,603,24.88
21:03:37,85,6,241,55.49
21:03:39,81,10,597,77.84
21:03:41,62,7,546,57.51
21:03:43,61,5,116,42.47
21:03:45,79,7,735,64.54
21:03:47,81,9,204,68.33
21:03:49,109,5,66,55.31
21:03:51,92,7,386,63.99
21:03:53,82,5,73,47.84
21:03:55,86,5,581,55.05
21:03:57,84,9,710,75.24
21:03:59,81,5,721,55.33
21:04:01,72,10,353,72.40
21:04:03,95,8,349,69.19
21:04:05,63,0,494,23.57
21:04:07,55,4,704,43.05
21:04:09,61,1,731,30.65
21:04:11,80,0,717,31.00
21:04:13,65,3,712,41.14
21:04:15,80,0,28,22.74
21:04:17,78,7,281,58.81
21:04:19,61,2,541,33.17
21:04:21,63,9,282,64.22
21:04:23,73,5,438,49.70
21:04:25,60,0,155,18.66
21:04:27,111,7,550,71.28
21:04:29,92,7,237,62.20
21:04:31,108,2,621,47.29
21:04:33,55,8,260,56.92
21:04:35,102,3,399,47.75
21:04:37,72,0,130,21.72
21:04:39,67,0,588,25.82
21:04:41,106,2,95,40.42
21:04:43,105,4,546,55.15
21:04:45,96,4,300,49.68
21:04:47,98,6,263,59.40
21:04:49,106,7,779,72.63
21:04:51,93,6,736,63.67
21:04:53,87,4,264,46.73
21:04:55,109,10,756,87.59
21:04:57,68,5,90,44.12
21:04:59,79,2,211,34.25
21:05:01,67,10,459,72.27
21:05:03,90,2,513,40.96
21:05:06,78,4,158,42.94
21:05:08,90,8,419,68.63
21:05:10,68,4,567,45.04
21:05:12,92,2,154,37.21
21:05:14,91,7,583,66.08
21:05:16,90,5,585,56.22
21:05:18,101,2,302,41.50
21:05:20,92,6,781,63.93
21:05:22,79,2,795,41.26
21:05:24,96,7,650,68.28
21:05:26,103,2,112,39.78
21:05:28,113,5,644,63.37
21:05:30,115,5,463,61.76
21:05:32,104,4,473,54.00
21:05:34,98,0,38,27.90
21:05:36,70,8,248,60.98
21:05:38,63,4,318,40.66
21:05:40,96,7,35,60.90
21:05:42,77,0,500,27.56
21:05:44,108,8,538,75.10
21:05:46,72,2,60,30.48
21:05:48,102,1,136,34.99
21:05:50,69,4,653,46.36
21:05:52,115,2,545,48.34
21:05:54,61,3,627,39.00
21:05:56,58,6,781,54.41
21:05:58,73,3,778,44.18
21:06:00,111,2,237,43.52
21:06:02,75,9,471,69.85
21:06:04,90,10,335,77.22
21:06:06,78,10,171,71.89
21:06:08,108,1,575,41.94
21:06:10,75,10,178,71.14
21:06:12,68,1,431,29.01
21:06:14,56,2,564,32.05
21:06:16,55,5,603,46.64
21:06:18,71,9,630,70.64
21:06:20,60,4,391,40.69
21:06:22,80,2,215,34.58
21:06:24,79,4,408,46.22
21:06:26,82,1,161,29.69
21:06:28,82,6,6,51.83
21:06:30,62,6,395,50.90
21:06:32,58,4,57,36.12
21:06:34,78,6,630,58.20
21:06:36,81,9,122,67.34
21:06:38,87,5,530,54.72
21:06:40,114,8,797,79.88
21:06:42,67,2,80,29.32
21:06:44,87,7,757,67.04
21:06:46,65,6,153,48.84
21:06:48,114,6,200,63.12
21:06:50,57,4,153,37.00
21:06:52,72,7,757,62.84
21:06:54,84,6,307,56.00
21:06:56,72,7,511,59.89
21:06:58,62,10,5,65.42
21:07:00,70,2,397,33.96
21:07:02,73,6,5,49.30
21:07:04,93,8,235,67.26
21:07:06,75,4,308,43.90
21:07:08,83,2,757,41.92
21:07:10,108,9,242,76.34
21:07:12,58,1,122,22.50
21:07:14,97,5,621,58.61
21:07:16,115,1,68,37.82
21:07:18,108,10,468,83.86
21:07:20,94,5,38,50.78
21:07:22,106,6,615,65.86
21:07:24,75,6,598,56.98
21:07:26,74,7,480,60.08
21:07:28,88,2,216,36.83
21:07:30,92,0,75,26.66
21:07:32,89,1,62,30.46
21:07:34,115,10,50,80.80
21:07:36,113,2,482,47.02
21:07:38,62,0,426,22.47
21:07:40,73,5,441,49.73
21:07:42,85,0,317,27.60
21:07:44,115,9,409,80.31
21:07:46,93,8,469,70.07
21:07:48,105,2,0,39.00
21:07:50,83,5,589,54.31
21:07:52,90,1,686,38.23
21:07:55,109,1,166,37.31
21:07:57,76,9,729,73.23
21:07:59,115,3,575,53.50
21:08:01,69,1,525,30.42
21:08:03,69,8,203,60.16
21:08:05,73,3,422,39.90
21:08:07,94,4,391,50.21
21:08:09,82,9,721,74.81
21:08:11,86,5,443,53.40
21:08:13,78,7,52,56.06
21:08:15,75,4,5,40.26
21:08:17,91,3,581,46.85
21:08:19,90,8,279,66.95
21:08:21,91,1,533,36.68
21:08:23,97,7,699,69.15
21:08:25,66,6,476,52.99
21:08:27,106,1,464,40.05
21:08:29,90,7,353,63.04
21:08:31,104,5,410,58.04
21:08:33,87,2,480,39.72
21:08:35,75,10,297,72.56
21:08:37,89,3,582,46.30
21:08:39,56,10,717,72.28
21:08:41,109,3,351,49.13
21:08:43,99,4,723,55.60
21:08:45,101,8,359,70.99
21:08:47,92,3,69,40.99
21:08:49,76,9,638,72.14
21:08:51,57,9,477,64.88
21:08:53,98,7,682,69.22
21:08:55,72,4,366,43.75
21:08:57,70,1,77,25.32
21:08:59,81,0,187,24.92
21:09:01,109,9,320,77.56
21:09:03,61,0,700,25.48
21:09:05,89,7,118,59.94
21:09:07,95,9,349,73.99
21:09:09,112,7,454,70.41
21:09:11,57,4,581,42.13
21:09:13,104,1,742,42.82
21:09:15,107,4,151,50.97
21:09:17,91,0,283,28.88
21:09:19,90,4,34,44.81
21:09:21,83,6,643,59.76
21:09:23,111,7,263,67.84
21:09:25,102,1,208,35.86
21:09:27,105,8,541,74.29
21:09:29,69,6,734,56.93
21:09:31,111,3,330,49.44
21:09:33,87,6,307,56.84
21:09:35,80,7,545,62.54
21:09:37,113,8,492,75.94
21:09:39,112,2,516,47.15
21:09:41,88,7,780,67.60
21:09:43,63,3,346,36.19
21:09:45,71,8,72,59.14
21:09:47,70,3,544,40.53
21:09:49,111,10,615,86.46
21:09:51,113,0,748,40.62
21:09:53,105,5,111,54.73
21:09:55,101,10,314,80.05
21:09:57,95,7,67,61.00
21:09:59,101,0,693,36.60
21:10:01,110,5,327,58.72
21:10:03,79,3,317,40.32
21:10:05,81,3,1,37.09
21:10:07,76,1,153,27.92
21:10:09,71,6,678,56.82
21:10:11,77,4,622,48.22
21:10:13,108,7,670,71.88
21:10:15,113,2,524,47.53
21:10:17,92,7,63,60.12
21:10:19,71,1,793,34.20
21:10:21,97,6,162,57.90
21:10:23,85,6,40,53.08
21:10:25,64,9,383,65.72
21:10:27,66,5,320,46.32
21:10:29,76,6,99,51.27
21:10:31,68,2,46,29.19
21:10:33,92,4,735,53.78
21:10:35,70,9,287,66.24
21:10:37,105,7,127,64.52
21:10:39,60,10,39,65.27
21:10:41,86,9,558,73.98
21:10:43,59,3,650,38.72
21:10:45,85,4,789,52.47
21:10:47,82,9,779,75.51
21:10:49,105,7,287,66.44
21:10:51,102,4,329,51.71
21:10:53,73,9,89,64.71
21:10:55,92,8,639,71.83
21:10:57,60,3,146,32.95
21:10:59,55,4,437,39.84
21:11:01,115,2,659,49.71
21:11:03,64,2,183,29.72
21:11:05,94,10,541,80.81
21:11:08,103,2,221,41.09
21:11:10,114,7,301,69.13
21:11:12,66,4,425,42.78
21:11:14,98,7,634,68.65
21:11:16,78,8,8,60.34
21:11:18,92,0,530,32.12
21:11:20,66,1,502,29.30
21:11:22,114,10,782,89.30
21:11:24,107,1,259,37.87
21:11:26,91,2,121,36.53
21:11:28,66,2,239,30.95
21:11:30,69,4,452,43.94
21:11:32,75,1,242,28.70
21:11:34,74,8,210,61.64
21:11:36,98,3,261,44.97
21:11:38,95,4,148,47.58
21:11:40,114,8,560,77.04
21:11:42,101,8,629,74.23
21:11:44,102,1,654,41.21
21:11:46,66,3,516,39.07
21:11:48,75,6,581,56.77
21:11:50,76,4,569,47.31
21:11:52,114,8,413,75.28
21:11:54,67,8,614,64.53
21:11:56,69,5,72,44.18
21:11:58,87,2,104,35.21
21:12:00,67,5,404,47.61
21:12:02,73,5,167,46.44
21:12:04,103,7,295,65.98
21:12:06,65,7,278,55.14
21:12:08,73,3,498,40.82
21:12:10,63,2,42,27.74
21:12:12,114,9,800,84.72
21:12:14,59,2,552,32.74
21:12:16,78,7,226,58.15
21:12:18,108,5,224,56.93
21:12:20,69,0,158,21.22
21:12:22,67,5,668,50.78
21:12:24,76,3,157,37.56
21:12:26,65,10,235,69.02
21:12:28,93,4,797,54.80
21:12:30,65,2,439,33.07
21:12:32,106,5,56,54.35
21:12:34,108,2,602,47.06
21:12:36,72,10,78,69.10
21:12:38,104,8,797,77.08
21:12:40,112,1,735,44.98
21:12:42,60,6,260,48.72
21:12:44,109,3,109,46.23
21:12:46,71,6,249,51.67
21:12:48,85,1,366,32.99
21:12:50,89,10,735,81.74
21:12:52,110,5,394,59.53
21:12:54,77,10,240,72.44
21:12:56,74,10,39,69.19
21:12:58,89,5,274,52.21
21:13:00,85,5,351,52.01
21:13:02,70,1,61,25.13
21:13:04,101,5,267,55.48
21:13:06,112,2,720,49.60
21:13:08,64,6,269,49.95
21:13:10,110,9,361,78.33
21:13:12,96,9,800,79.68
21:13:14,63,4,593,43.96
21:13:16,104,5,211,55.65
21:13:18,85,3,299,41.79
21:13:20,68,8,438,62.70
21:13:22,102,6,263,60.52
21:13:24,100,4,130,48.76
21:13:26,78,6,510,56.76
21:13:28,96,5,212,53.42
21:13:30,83,6,480,57.80
21:13:32,66,4,393,42.40
21:13:34,113,8,761,79.17
21:13:36,103,0,424,33.93
21:13:38,103,8,263,70.40
21:13:40,74,9,74,64.81
21:13:42,61,10,735,73.90
21:13:44,111,3,603,52.72
21:13:46,58,9,53,60.08
21:13:48,75,10,387,73.64
21:13:50,88,8,295,66.58
21:13:52,106,5,484,59.49
21:13:54,91,9,775,77.98
21:13:56,56,4,35,35.30
21:13:58,56,2,651,33.09
21:14:00,112,9,673,82.64
21:14:02,55,0,787,24.84
21:14:05,68,0,569,25.87
21:14:07,80,2,786,41.43
21:14:09,80,7,346,60.15
21:14:11,74,10,15,68.90
21:14:13,57,5,444,45.29
21:14:15,98,7,39,61.51
21:14:17,55,10,604,70.65
21:14:19,90,1,763,39.16
21:14:21,66,0,654,26.33
21:14:23,62,0,336,21.39
21:14:25,87,10,115,73.74
21:14:27,114,0,351,36.13
21:14:29,63,7,409,56.15
21:14:31,96,7,325,64.38
21:14:33,90,7,211,61.33
21:14:35,57,7,696,57.91
21:14:37,56,8,517,60.28
21:14:39,68,7,291,56.13
21:14:41,115,10,204,82.65
21:14:43,71,8,80,59.24
21:14:45,58,8,354,58.89
21:14:47,94,9,695,77.86
21:14:49,101,9,799,81.07
21:14:51,77,7,241,58.05
21:14:53,107,10,242,80.86
21:14:55,104,2,225,41.42
21:14:57,78,10,231,72.61
21:14:59,91,6,396,59.03
21:15:01,64,5,674,50.01
21:15:03,110,6,551,66.21
21:15:05,113,2,362,45.58
21:15:07,113,7,222,67.90
21:15:09,90,5,358,53.50
21:15:11,63,9,458,66.34
21:15:13,77,2,83,32.16
21:15:15,98,0,53,28.08
21:15:17,55,3,300,33.40
21:15:19,87,9,286,70.99
21:15:21,59,9,727,68.44
21:15:23,104,7,57,63.40
21:15:25,103,8,293,70.76
21:15:27,110,3,606,52.47
21:15:29,75,0,139,22.67
21:15:31,99,4,589,53.99
21:15:33,80,1,579,34.15
21:15:35,73,4,134,41.25
21:15:37,103,7,220,65.08
21:15:39,59,5,402,45.34
21:15:41,101,9,0,71.48
21:15:43,114,10,469,85.55
21:15:45,114,6,527,67.04
21:15:47,98,6,316,60.03
21:15:49,90,7,463,64.36
21:15:51,82,5,719,55.59
21:15:53,95,0,633,34.20
21:15:55,109,5,137,56.16
21:15:57,86,9,541,73.77
21:15:59,102,2,477,43.88
21:16:01,96,6,513,61.84
21:16:03,69,6,604,55.37
21:16:05,68,10,437,72.28
21:16:07,75,5,535,51.42
21:16:09,67,5,516,48.95
21:16:11,69,9,134,64.13
21:16:13,79,7,317,59.52
21:16:15,91,0,657,33.36
21:16:17,91,7,16,59.27
21:16:19,68,6,227,50.56
21:16:21,77,4,470,46.40
21:16:23,88,0,668,32.66
21:16:25,78,8,448,65.62
21:16:27,73,0,481,26.21
21:16:29,112,0,381,35.93
21:16:31,79,4,541,47.81
21:16:33,59,10,730,73.28
21:16:35,74,1,425,30.62
21:16:37,104,4,625,55.82
21:16:39,61,0,430,22.24
21:16:41,79,2,564,38.49
21:16:43,62,4,107,37.84
21:16:45,69,10,39,67.79
21:16:47,88,6,611,60.77
21:16:49,72,5,587,51.20
21:16:51,89,2,574,41.41
21:16:53,64,8,542,62.82
21:16:55,76,2,29,31.23
21:16:57,91,7,110,60.40
21:16:59,73,4,485,45.46
21:17:01,103,1,145,35.38
21:17:03,91,6,67,55.08
21:17:06,73,10,434,73.65
21:17:08,115,4,576,58.31
21:17:10,88,9,784,77.25
21:17:12,87,7,347,62.12
21:17:14,101,10,129,77.83
21:17:16,115,2,26,42.11
21:17:18,112,10,398,84.14
21:17:20,101,6,312,60.82
21:17:22,84,10,606,78.79
21:17:24,101,3,270,45.92
21:17:26,110,1,287,39.04
21:17:28,101,5,641,59.97
21:17:30,103,3,366,47.63
21:17:32,65,5,67,43.00
21:17:34,71,9,141,64.77
21:17:36,81,6,268,54.70
21:17:38,67,1,503,29.60
21:17:40,76,1,3,26.12
21:17:42,91,10,382,78.06
21:17:44,62,5,626,48.87
21:17:46,98,6,184,58.45
21:17:48,93,10,121,75.49
21:17:50,76,10,172,71.34
21:17:52,74,5,469,50.35
21:17:54,89,3,30,39.68
21:17:56,86,4,141,44.97
21:17:58,113,4,715,59.42
21:18:00,113,2,566,48.03
21:18:02,96,6,487,61.52
21:18:04,109,7,524,70.41
21:18:06,96,2,554,43.13
21:18:08,96,6,667,63.68
21:18:10,81,0,31,23.05
21:18:12,74,2,179,32.47
21:18:14,78,8,290,63.72
21:18:16,58,10,544,70.77
21:18:18,79,1,751,35.93
21:18:20,79,10,20,70.36
21:18:22,109,7,648,71.90
21:18:24,69,3,424,38.81
21:18:26,68,2,516,34.83
21:18:28,113,0,236,34.47
21:18:30,82,3,573,44.24
21:18:32,77,10,478,75.30
21:18:34,102,2,567,44.96
21:18:36,108,1,545,41.58
21:18:38,77,3,395,40.70
21:18:40,61,6,17,46.08
21:18:42,72,5,419,49.19
21:18:44,66,9,653,69.52
21:18:46,67,6,451,52.97
21:18:48,69,10,740,76.20
21:18:50,81,9,91,66.97
21:18:52,71,7,767,62.68
21:18:54,82,9,711,74.69
21:18:56,99,6,645,64.26
21:18:58,86,5,235,50.90
21:19:00,79,0,297,25.68
21:19:02,88,2,525,40.54
21:19:04,89,0,618,32.34
21:19:06,79,2,452,37.14
21:19:08,80,0,432,27.58
21:19:10,57,9,625,66.66
21:19:12,105,8,12,67.94
21:19:14,105,3,158,45.70
21:19:16,96,10,792,84.38
21:19:18,75,3,6,35.47
21:19:20,84,3,265,41.10
21:19:22,87,8,110,64.08
21:19:24,86,7,690,65.96
21:19:26,103,6,418,62.66
21:19:28,111,8,742,78.38
21:19:30,80,7,564,62.77
21:19:32,82,9,191,68.45
21:19:34,77,10,25,69.86
21:19:36,88,1,341,33.53
21:19:38,84,0,565,30.30
21:19:40,63,7,664,59.21
21:19:42,95,9,684,78.01
21:19:44,98,3,330,45.80
21:19:46,57,3,0,30.36
21:19:48,61,5,639,48.75
21:19:50,77,8,765,69.14
21:19:52,91,4,640,52.36
21:19:54,56,10,523,69.96
21:19:56,74,5,8,44.82
21:19:58,92,6,556,61.23
21:20:00,90,7,325,62.70
21:20:02,115,10,320,84.04
21:20:04,99,3,141,43.81
21:20:06,57,1,723,29.44
21:20:08,107,6,122,60.22
21:20:10,66,6,235,50.10
21:20:12,78,3,156,38.11
21:20:14,56,4,440,40.16
21:20:16,78,9,684,73.25
21:20:18,95,2,347,40.36
21:20:20,102,9,256,74.83
21:20:22,108,9,79,74.39
21:20:24,74,9,569,70.75
21:20:26,112,4,541,57.05
21:20:29,72,6,657,56.84
21:20:31,105,7,265,66.18
21:20:33,115,6,747,69.96
21:20:35,57,9,118,60.58
21:20:37,56,6,516,50.67
21:20:39,99,10,399,80.51
21:20:41,58,3,607,37.92
21:20:43,61,2,524,32.97
21:20:45,65,10,798,75.78
21:20:47,70,2,240,32.08
21:20:49,56,7,477,55.00
21:20:51,57,3,580,37.32
21:20:53,90,8,213,66.16
21:20:55,81,3,507,43.16
21:20:57,78,3,135,37.86
21:20:59,77,8,343,64.08
21:21:01,104,1,180,36.08
21:21:03,114,4,507,57.20
21:21:05,74,6,12,49.66
21:21:07,64,8,570,63.16
21:21:09,94,3,500,46.72
21:21:11,79,6,779,60.27
21:21:13,92,6,551,61.17
21:21:15,85,0,270,27.04
21:21:17,111,1,751,44.89
21:21:19,93,3,772,49.70
21:21:21,70,2,707,37.68
21:21:23,69,1,182,26.30
21:21:25,94,6,345,59.26
21:21:27,110,0,594,37.93
21:21:29,70,5,625,51.10
21:21:31,58,7,137,51.48
21:21:33,67,3,169,35.19
21:21:35,95,5,551,57.21
21:21:37,58,1,398,25.82
21:21:39,69,10,33,67.72
21:21:41,80,8,267,64.00
21:21:43,99,2,477,43.04
21:21:45,108,1,259,38.15
21:21:47,100,4,216,49.79
21:21:49,109,5,590,61.60
21:21:51,80,7,517,62.20
21:21:53,100,3,583,49.40
21:21:55,64,10,180,68.08
21:21:57,55,1,68,21.02
21:21:59,105,10,554,84.05
21:22:01,59,9,543,66.24
21:22:03,111,7,21,64.93
21:22:05,58,2,781,35.21
21:22:07,77,0,44,22.09
21:22:09,68,0,590,26.12
21:22:11,107,5,190,56.24
21:22:13,96,2,394,41.21
21:22:15,101,6,764,66.25
21:22:17,59,4,349,39.91
21:22:19,69,8,175,59.82
21:22:21,58,2,606,33.11
21:22:23,109,1,7,35.40
21:22:25,70,1,301,28.01
21:22:27,71,0,739,28.75
21:22:29,90,4,486,50.23
21:22:31,112,9,196,76.91
21:22:33,73,6,419,54.27
21:22:35,57,2,778,34.90
21:22:37,86,1,168,30.90
21:22:39,93,9,474,74.93
21:22:41,83,9,272,69.70
21:22:43,96,6,652,63.50
21:22:45,78,7,446,60.79
21:22:47,64,9,650,68.92
21:22:49,66,5,468,48.10
21:22:51,58,7,337,53.88
21:22:53,81,4,508,47.98
21:22:55,71,0,506,25.95
21:22:57,82,10,110,72.28
21:22:59,59,4,53,36.36
21:23:01,103,0,72,29.70
21:23:03,59,7,412,55.06
21:23:05,78,9,451,70.45
21:23:07,62,5,144,43.09
21:23:09,75,1,134,27.41
21:23:11,103,4,708,56.54
21:23:13,97,4,402,51.18
21:23:15,98,6,182,58.42
21:23:17,88,8,736,71.87
21:23:19,68,5,595,50.18
21:23:22,83,0,616,30.63
21:23:24,103,7,620,69.88
21:23:26,59,9,352,63.94
21:23:28,70,8,381,62.57
21:23:30,84,9,785,76.14
21:23:32,103,5,723,61.52
21:23:34,65,5,585,49.22
21:23:36,99,4,323,50.80
21:23:38,96,2,140,38.16
21:23:40,76,3,659,43.59
21:23:42,73,5,193,46.76
21:23:44,58,1,603,28.28
21:23:46,94,10,659,82.23
21:23:48,94,4,78,46.46
21:23:50,82,4,236,44.99
21:23:52,113,2,97,42.40
21:23:54,113,9,471,80.49
21:23:56,69,6,174,50.21
21:23:58,88,3,734,47.85
21:24:00,63,5,75,42.54
21:24:02,73,3,447,40.20
21:24:04,112,0,477,37.08
21:24:06,79,7,381,60.29
21:24:08,80,10,762,79.54
21:24:10,109,9,709,82.23
21:24:12,92,7,573,66.24
21:24:14,100,8,194,68.73
21:24:16,88,1,422,34.50
21:24:18,110,6,146,61.35
21:24:20,106,10,469,83.31
21:24:22,101,9,596,78.63
21:24:24,61,4,297,39.84
21:24:26,77,3,129,37.51
21:24:28,57,1,107,22.04
21:24:30,110,8,495,75.14
21:24:32,113,6,716,69.03
21:24:34,84,1,74,29.21
21:24:36,91,4,676,52.79
21:24:38,88,0,706,33.11
21:24:40,87,8,642,70.46
21:24:42,101,3,231,45.45
21:24:44,106,0,205,32.14
21:24:46,85,3,536,44.63
21:24:48,107,7,664,71.53
21:24:50,114,7,478,71.26
21:24:52,114,5,569,62.75
21:24:54,91,6,746,63.23
21:24:56,88,2,678,42.38
21:24:58,67,2,700,36.76
21:25:00,113,10,287,83.08
21:25:02,90,1,598,37.18
21:25:04,88,9,781,77.21
21:25:06,112,4,683,58.76
21:25:08,106,0,447,35.04
21:25:10,114,2,742,50.42
21:25:12,108,6,448,64.42
21:25:14,84,0,243,26.44
21:25:16,67,8,225,59.86
21:25:18,93,0,70,26.88
21:25:20,105,2,785,48.42
21:25:22,113,3,284,49.45
21:25:24,65,5,744,51.13
21:25:26,82,6,307,55.44
21:25:28,83,4,418,47.46
21:25:30,87,9,657,75.44
21:25:32,65,5,107,43.48
21:25:34,83,10,36,71.67
21:25:36,56,10,170,65.72
21:25:38,66,6,792,56.78
21:25:40,66,6,758,56.38
21:25:42,108,0,531,36.61
21:25:44,80,1,83,28.20
21:25:46,56,8,83,55.08
21:25:48,73,5,420,49.48
21:25:50,112,6,188,62.42
21:25:52,86,3,734,47.29
21:25:54,76,2,733,39.68
21:25:56,65,0,448,23.58
21:25:58,78,5,109,47.15
21:26:00,94,5,713,58.88
21:26:02,63,10,46,66.19
21:26:04,83,7,185,59.06
21:26:07,79,4,582,48.30
21:26:09,114,0,33,32.32
21:26:11,104,3,508,49.62
21:26:13,107,8,484,74.17
21:26:15,99,4,795,56.46
21:26:17,91,3,441,45.17
21:26:19,96,1,568,38.50
21:26:21,111,4,404,55.13
21:26:23,88,6,431,58.61
21:26:25,108,10,710,86.76
21:26:27,61,3,243,34.40
21:26:29,78,5,201,48.25
21:26:31,111,6,304,63.53
21:26:33,82,0,636,30.59
21:26:35,65,6,46,47.55
21:26:37,113,0,677,39.76
21:26:39,110,7,164,66.37
21:26:41,103,0,604,36.09
21:26:43,57,7,403,54.40
21:26:45,98,4,12,46.78
21:26:47,96,6,787,65.12
21:26:49,109,5,772,63.78
21:26:51,112,10,404,84.21
21:26:53,101,2,478,43.62
21:26:55,110,10,38,79.26
21:26:57,87,4,109,44.87
21:26:59,68,0,720,27.68
21:27:01,76,9,41,64.97
21:27:03,108,8,626,76.15
21:27:05,57,9,92,60.26
21:27:07,67,4,44,38.49
21:27:09,78,0,529,28.19
21:27:11,113,1,795,45.98
21:27:13,56,9,468,64.50
21:27:15,106,3,628,51.62
21:27:17,114,10,730,88.68
21:27:19,113,8,103,71.28
21:27:21,63,6,556,53.11
21:27:23,72,3,386,39.19
21:27:25,111,2,373,45.16
21:27:27,103,3,634,50.85
21:27:29,103,9,549,78.63
21:27:31,108,7,261,66.97
21:27:33,68,0,346,23.19
21:27:35,97,10,713,83.72
21:27:37,78,10,773,79.12
21:27:39,64,1,350,26.92
21:27:41,107,9,724,81.85
21:27:43,106,9,681,81.05
21:27:45,93,4,71,46.09
21:27:47,81,10,429,75.83
21:27:49,94,9,371,73.97
21:27:51,60,7,433,55.60
21:27:53,76,2,585,37.90
21:27:55,86,5,745,57.02
21:27:57,104,3,271,46.77
21:27:59,86,10,567,78.88
21:28:01,97,8,741,74.45
21:28:03,102,7,350,66.36
21:28:05,69,7,602,60.14
21:28:07,101,9,120,72.92
21:28:09,76,8,444,65.01
21:28:11,98,7,50,61.64
21:28:13,76,9,1,64.49
21:28:15,60,6,224,48.29
21:28:17,88,9,621,75.29
21:28:19,115,9,582,82.38
21:28:21,65,4,353,41.64
21:28:23,87,8,627,70.28
21:28:25,57,8,753,63.40
21:28:27,113,7,685,73.46
21:28:29,72,6,32,49.34
21:28:31,69,4,136,40.15
21:28:33,96,10,325,78.78
21:28:35,99,7,270,64.56
21:28:37,60,3,634,38.81
21:28:39,66,1,490,29.16
21:28:41,112,5,604,62.61
21:28:43,86,6,141,54.57
21:28:45,103,8,24,67.53
21:28:47,89,9,243,71.04
21:28:50,103,3,319,47.07
21:28:52,102,8,268,70.18
21:28:54,87,6,229,55.91
21:28:56,80,3,592,43.90
21:28:58,86,5,422,53.14
21:29:00,69,8,191,60.01
21:29:02,84,5,568,54.34
21:29:04,69,5,528,49.66
21:29:06,69,0,264,22.49
21:29:08,93,8,773,73.72
21:29:10,85,1,721,37.25
21:29:12,68,2,317,32.44
21:29:14,58,0,84,17.25
21:29:16,102,2,210,40.68
21:29:18,83,6,22,52.30
21:29:20,58,5,80,41.20
21:29:22,60,7,656,58.27
21:29:24,109,8,442,74.22
21:29:26,73,2,214,32.61
21:29:28,90,10,695,81.54
21:29:30,75,9,377,68.72
21:29:32,109,0,373,35.00
21:29:34,88,3,580,46.00
21:29:36,73,5,273,47.72
21:29:38,93,4,38,45.70
21:29:40,77,9,543,71.28
21:29:42,100,8,148,68.18
21:29:44,62,5,170,43.40
21:29:46,109,7,301,67.73
21:29:48,105,5,447,58.76
21:29:50,57,3,443,35.68
21:29:52,62,6,116,47.55
21:29:54,110,8,423,74.28
21:29:56,62,6,568,52.98
21:29:58,113,0,107,32.92
21:30:00,77,5,66,46.35
21:30:02,71,2,407,34.36
21:30:04,108,9,66,74.23
21:30:06,61,9,596,67.43
21:30:08,72,5,535,50.58
21:30:10,65,7,304,55.45
21:30:12,100,10,125,77.50
21:30:14,87,10,64,73.13
21:30:16,66,7,77,53.00
21:30:18,72,2,540,36.24
21:30:20,75,1,462,31.34
21:30:22,78,9,514,71.21
21:30:24,99,10,337,79.76
21:30:26,101,9,87,72.52
21:30:28,114,1,301,40.33
21:30:30,102,5,183,54.76
21:30:32,91,6,452,59.70
21:30:34,86,6,768,62.10
21:30:36,71,7,536,59.91
21:30:38,107,3,673,52.44
21:30:40,89,10,262,76.06
21:30:42,77,4,743,49.68
21:30:44,65,8,298,60.18
21:30:46,103,1,772,42.90
21:30:48,90,4,384,49.01
21:30:50,94,8,288,68.18
21:30:52,69,1,732,32.90
21:30:54,87,2,595,41.10
21:30:56,58,0,494,22.17
21:30:58,92,2,606,42.63
21:31:00,76,10,376,73.79
21:31:02,84,3,793,47.44
21:31:04,114,8,494,76.25
21:31:06,113,8,639,77.71
21:31:08,89,8,207,65.80
21:31:10,89,1,635,37.34
21:31:12,70,6,373,52.88
21:31:14,75,3,87,36.44
21:31:16,75,1,565,32.58
21:31:18,93,6,640,62.52
21:31:20,114,0,109,33.23
21:31:22,102,1,186,35.59
21:31:24,63,8,239,58.91
21:31:26,103,10,244,79.77
21:31:28,80,4,100,42.80
21:31:30,84,8,508,68.02
21:31:32,90,0,796,34.75
21:31:34,89,5,99,50.11
21:31:36,82,8,472,67.02
21:31:38,105,2,707,47.48
21:31:40,114,4,385,55.74
21:31:42,94,5,65,51.10
21:31:44,101,0,176,30.39
21:31:46,92,7,260,62.48
21:31:48,109,6,275,62.62
21:31:50,100,3,132,43.98
21:31:52,67,1,791,33.05
21:31:54,91,5,760,58.60
21:31:56,56,9,699,67.27
21:31:58,106,5,265,56.86
21:32:00,61,10,796,74.63
21:32:03,78,3,244,39.17
21:32:05,85,4,624,50.49
21:32:07,67,7,572,59.22
21:32:09,112,5,559,62.07
21:32:11,109,2,207,42.60
21:32:13,115,7,605,73.06
21:32:15,74,8,225,61.82
21:32:17,56,5,244,42.61
21:32:19,56,4,598,42.06
21:32:21,73,7,662,61.98
21:32:23,80,1,411,32.13
21:32:25,85,8,280,65.56
21:32:27,115,4,447,56.76
21:32:29,87,8,138,64.42
21:32:31,59,5,280,43.88
21:32:33,111,8,290,72.96
21:32:35,56,8,77,55.00
21:32:37,94,2,765,45.10
21:32:39,109,9,514,79.89
21:32:41,104,0,549,35.71
21:32:43,100,9,293,74.72
21:32:45,98,0,659,35.35
21:32:47,99,8,195,68.46
21:32:49,80,5,171,48.45
21:32:51,109,10,148,80.30
21:32:53,90,2,192,37.10
21:32:55,78,6,179,52.79
21:32:57,70,5,161,45.53
21:32:59,106,1,241,37.37
21:33:01,107,2,682,47.74
21:33:03,86,4,325,47.18
21:33:05,59,10,542,71.02
21:33:07,101,9,268,74.70
21:33:09,79,5,749,55.11
21:33:11,103,10,278,80.18
21:33:13,81,4,618,49.30
21:33:15,100,0,277,31.32
21:33:17,103,1,113,35.00
21:33:19,102,1,105,34.62
21:33:21,68,0,81,20.01
21:33:23,65,10,553,72.84
21:33:25,56,5,63,40.44
21:33:27,92,2,483,41.16
21:33:29,86,0,157,25.96
21:33:31,110,1,475,41.30
21:33:33,73,8,102,60.06
21:33:35,98,3,421,46.89
21:33:37,85,8,185,64.42
21:33:39,93,9,277,72.56
21:33:41,63,4,338,40.90
21:33:43,56,2,172,27.34
21:33:45,82,1,36,28.19
21:33:47,61,6,258,48.98
21:33:49,80,0,231,25.17
21:33:51,60,10,352,69.02
21:33:53,113,6,633,68.04
21:33:55,105,0,302,33.02
21:33:57,75,4,307,43.88
21:33:59,57,7,739,58.43
21:34:01,66,10,575,73.38
21:34:03,81,3,723,45.76
21:34:05,67,6,78,48.50
21:34:07,95,3,100,42.20
21:34:09,85,2,685,41.62
21:34:11,69,7,589,59.99
21:34:13,60,10,273,68.08
21:34:15,63,7,184,53.45
21:34:17,58,8,463,60.20
21:34:19,106,2,794,48.81
21:34:21,77,2,638,38.82
21:34:23,101,7,756,70.95
21:34:25,104,7,236,65.55
21:34:27,77,0,730,30.32
21:34:29,102,0,756,37.63
21:34:31,78,6,174,52.73
21:34:33,67,1,121,25.01
21:34:35,64,2,101,28.73
21:34:37,92,2,151,37.17
21:34:39,61,5,205,43.54
21:34:41,57,9,199,61.55
21:34:43,82,2,149,34.35
21:34:45,109,7,498,70.10
21:34:47,61,0,718,25.70
21:34:49,94,10,495,80.26
21:34:51,109,7,565,70.90
21:34:53,97,5,631,58.73
21:34:55,77,4,395,45.50
21:34:58,79,3,387,41.16
21:35:00,87,6,451,58.57
21:35:02,109,7,403,68.96
21:35:04,102,2,286,41.59
21:35:06,58,0,474,21.93
21:35:08,95,7,12,60.34
21:35:10,95,2,354,40.45
21:35:12,73,9,42,64.14
21:35:14,80,5,212,48.94
21:35:16,60,10,205,67.26
21:35:18,113,6,592,67.54
21:35:20,103,4,553,54.68
21:35:22,82,3,108,38.66
21:35:24,113,7,330,69.20
21:35:26,62,4,187,38.80
21:35:28,109,9,423,78.80
21:35:30,76,6,27,50.40
21:35:32,77,10,622,77.02
21:35:34,90,6,506,60.07
21:35:36,95,7,91,61.29
21:35:38,77,10,790,79.04
21:35:40,94,4,61,46.25
21:35:42,66,7,732,60.86
21:35:44,87,4,10,43.68
21:35:46,80,1,613,34.56
21:35:48,109,5,173,56.60
21:35:50,113,10,390,84.32
21:35:52,92,3,786,49.59
21:35:54,102,9,111,73.09
21:35:56,99,5,622,59.18
21:35:58,73,6,689,57.51
21:36:00,56,8,473,59.76
21:36:02,61,7,236,53.51
21:36:04,82,4,448,47.54
21:36:06,75,6,77,50.72
21:36:08,94,9,713,78.08
21:36:10,95,0,597,33.76
21:36:12,91,8,442,69.18
21:36:14,91,2,200,37.48
21:36:16,84,3,749,46.91
21:36:18,58,2,46,26.39
21:36:20,80,10,431,75.57
21:36:22,93,8,26,64.75
21:36:24,76,8,569,66.51
21:36:26,59,3,212,33.46
21:36:28,67,2,184,30.57
21:36:30,73,7,190,56.32
21:36:32,70,0,242,22.50
21:36:34,102,1,92,34.46
21:36:36,96,7,594,67.61
21:36:38,79,1,11,27.05
21:36:40,77,4,317,44.56
21:36:42,115,10,386,84.83
21:36:44,95,7,32,60.58
21:36:46,56,9,185,61.10
21:36:48,66,8,14,57.05
21:36:50,101,6,756,66.15
21:36:52,107,6,102,59.98
21:36:54,61,10,128,66.62
21:36:56,58,10,256,67.31
21:36:58,98,10,686,83.67
21:37:00,114,5,45,56.46
21:37:02,113,10,395,84.38
21:37:04,110,1,25,35.90
21:37:06,83,10,35,71.66
21:37:08,72,5,155,46.02
21:37:10,90,8,701,72.01
21:37:12,115,7,215,68.38
21:37:14,103,2,316,42.23
21:37:16,91,4,591,51.77
21:37:18,57,3,602,37.58
21:37:20,100,8,532,72.78
21:37:22,98,0,726,36.15
21:37:24,56,8,442,59.38
21:37:26,63,7,208,53.74
21:37:28,115,2,23,42.08
21:37:30,77,10,390,74.24
21:37:32,103,3,415,48.22
21:37:34,96,0,270,30.12
21:37:36,94,3,197,43.08
21:37:39,89,10,715,81.50
21:37:41,75,0,499,26.99
21:37:43,97,8,571,72.41
21:37:45,58,0,102,17.46
21:37:47,73,6,416,54.23
21:37:49,115,0,720,40.84
21:37:51,106,8,325,71.98
21:37:53,58,5,298,43.82
21:37:55,112,3,301,49.37
21:37:57,75,6,376,54.31
21:37:59,89,2,765,43.70
21:38:01,112,4,515,56.74
21:38:03,71,5,233,46.68
21:38:05,59,2,50,26.72
21:38:07,90,3,289,43.07
21:38:09,100,3,122,43.86
21:38:11,77,4,289,44.23
21:38:13,94,9,560,76.24
21:38:15,79,5,224,48.81
21:38:17,77,1,747,35.32
21:38:19,62,9,10,60.68
21:38:21,94,7,457,65.40
21:38:23,65,2,157,29.68
21:38:25,84,9,1,66.73
21:38:27,103,1,670,41.68
21:38:29,115,4,32,51.78
21:38:31,69,3,330,37.68
21:38:33,78,7,508,61.54
21:38:35,97,3,599,48.75
21:38:37,81,1,704,35.93
21:38:39,78,6,289,54.11
21:38:41,82,0,226,25.67
21:38:43,78,6,500,56.64
21:38:45,71,2,592,36.58
21:38:47,98,10,620,82.88
21:38:49,58,9,684,67.65
21:38:51,86,3,355,42.74
21:38:53,55,3,584,36.81
21:38:55,61,8,270,58.72
21:38:57,58,1,260,24.16
21:38:59,66,0,701,26.89
21:39:01,98,7,493,66.96
21:39:03,101,8,494,72.61
21:39:05,102,3,303,46.60
21:39:07,73,2,457,35.52
21:39:09,68,9,256,65.31
21:39:11,108,7,71,64.69
21:39:13,111,10,351,83.29
21:39:15,85,7,121,58.85
21:39:17,69,7,199,55.31
21:39:19,56,0,352,19.90
21:39:21,82,3,18,37.58
21:39:23,66,10,222,69.14
21:39:25,69,0,65,20.10
21:39:27,109,1,640,43.00
21:39:29,105,1,681,42.37
21:39:31,109,7,555,70.78
21:39:33,98,10,409,80.35
21:39:35,82,1,626,35.27
21:39:37,95,2,385,40.82
21:39:39,71,6,573,55.56
21:39:41,70,1,329,28.35
21:39:43,63,10,751,74.65
21:39:45,69,4,120,39.96
21:39:47,79,5,416,51.11
21:39:49,78,4,500,47.04
21:39:51,56,4,392,39.58
21:39:53,105,4,141,50.29
21:39:55,106,9,185,75.10
21:39:57,71,9,117,64.48
21:39:59,113,0,653,39.48
21:40:01,63,10,400,70.44
21:40:03,57,3,356,34.63
21:40:05,62,3,478,37.50
21:40:07,101,8,788,76.14
21:40:09,76,8,646,67.43
21:40:11,68,9,471,67.89
21:40:13,56,3,564,36.85
21:40:15,64,5,677,50.04
21:40:17,58,9,354,63.69
21:40:19,84,10,644,79.25
21:40:21,102,8,633,74.56
21:40:24,73,6,499,55.23
21:40:26,98,1,735,41.06
21:40:28,105,7,525,69.30
21:40:30,87,4,576,50.47
21:40:32,76,0,645,29.02
21:40:34,89,9,127,69.64
21:40:36,65,1,706,31.47
21:40:38,90,10,46,73.75
21:40:40,97,3,105,42.82
21:40:42,74,4,579,46.87
21:40:44,66,9,88,62.74
21:40:46,83,4,186,44.67
21:40:48,108,7,80,64.80
21:40:50,84,2,775,42.42
21:40:52,90,4,612,51.74
21:40:54,87,3,132,40.34
21:40:56,59,10,340,68.60
21:40:58,74,8,633,66.72
21:41:00,75,4,657,48.08
21:41:02,91,6,239,57.15
21:41:04,90,10,323,77.08
21:41:06,62,4,54,37.21
21:41:08,60,4,399,40.79
21:41:10,73,3,274,38.13
21:41:12,113,4,491,56.73
21:41:14,75,10,755,78.06
21:41:16,83,3,614,45.01
21:41:18,104,10,202,79.54
21:41:20,86,1,682,37.06
21:41:22,87,5,157,50.24
21:41:24,76,6,627,57.60
21:41:26,104,1,133,35.52
21:41:28,94,3,364,45.09
21:41:30,89,4,467,49.72
21:41:32,73,1,180,27.40
21:41:34,58,4,777,44.76
21:41:36,77,5,159,47.47
21:41:38,74,7,330,58.28
21:41:40,82,10,753,80.00
21:41:42,92,2,79,36.31
21:41:44,110,5,752,63.82
21:41:46,64,7,520,57.76
21:41:48,66,2,608,35.38
21:41:50,78,6,617,58.04
21:41:52,101,9,263,74.64
21:41:54,88,2,317,38.04
21:41:56,91,1,78,31.22
21:41:58,55,0,727,24.12
21:42:00,83,2,335,36.86
21:42:02,89,4,15,44.30
21:42:04,62,3,784,41.17
21:42:06,103,3,768,52.46
21:42:08,78,0,61,22.57
21:42:10,71,2,84,30.49
21:42:12,94,2,510,42.04
21:42:14,59,8,768,64.14
21:42:16,99,8,580,73.08
21:42:18,76,1,594,33.21
21:42:20,96,2,662,44.42
21:42:22,99,6,416,61.51
21:42:24,90,5,252,52.22
21:42:26,102,7,540,68.64
21:42:28,67,2,273,31.64
21:42:30,101,0,655,36.14
21:42:32,58,6,721,53.69
21:42:34,71,10,63,68.64
21:42:36,105,7,298,66.58
21:42:38,56,2,551,31.89
21:42:40,110,5,28,55.14
21:42:42,89,0,527,31.24
21:42:44,86,6,740,61.76
21:42:46,88,6,135,55.06
21:42:48,112,4,93,51.68
21:42:50,97,6,224,58.65
21:42:52,114,7,440,70.80
21:42:54,56,8,321,57.93
21:42:56,79,8,537,66.96
21:42:58,71,7,14,53.65
21:43:00,70,1,774,33.69
21:43:02,100,4,618,54.62
21:43:04,76,4,372,44.94
21:43:06,83,6,269,55.27
21:43:08,114,9,390,79.80
21:43:10,90,10,374,77.69
21:43:12,112,10,62,80.10
21:43:15,80,4,614,48.97
21:43:17,74,10,362,73.06
21:43:19,72,6,580,55.92
21:43:21,113,3,238,48.90
21:43:23,73,8,710,67.36
21:43:25,61,10,233,67.88
21:43:27,95,6,708,63.90
21:43:29,114,9,610,82.44
21:43:31,114,1,597,43.88
21:43:33,64,3,392,37.02
21:43:35,109,0,130,32.08
21:43:37,68,9,714,70.81
21:43:39,115,5,395,60.94
21:43:41,96,6,714,64.25
21:43:43,107,1,207,37.24
21:43:45,66,1,258,26.38
21:43:47,95,3,149,42.79
21:43:49,94,2,182,38.10
21:43:51,63,5,483,47.44
21:43:53,65,9,281,64.77
21:43:55,102,8,219,69.59
21:43:57,67,8,179,59.31
21:43:59,101,5,750,61.28
21:44:01,115,4,182,53.58
21:44:03,88,4,327,47.76
21:44:05,112,0,504,37.41
21:44:07,114,9,444,80.45
21:44:09,113,3,68,46.86
21:44:11,80,5,298,49.98
21:44:13,91,7,318,62.90
21:44:15,76,2,133,32.48
21:44:17,95,8,211,67.53
21:44:19,78,6,784,60.05
21:44:21,103,6,757,66.72
21:44:23,67,0,124,20.25
21:44:25,68,3,555,40.10
21:44:27,61,10,181,67.25
21:44:29,106,5,615,61.06
21:44:31,86,7,674,65.77
21:44:33,79,2,788,41.18
21:44:35,105,3,415,48.78
21:44:37,96,1,155,33.54
21:44:39,69,4,782,47.90
21:44:41,59,7,332,54.10
21:44:43,92,1,333,34.56
21:44:45,71,7,586,60.51
21:44:47,88,8,729,71.79
21:44:49,77,2,333,35.16
21:44:51,76,1,198,28.46
21:44:53,106,9,586,79.91
21:44:55,98,8,118,67.26
21:44:57,103,9,285,75.46
21:44:59,70,9,285,66.22
21:45:01,55,9,553,65.24
21:45:03,66,6,504,53.33
21:45:05,100,5,760,61.12
21:45:07,105,7,663,70.96
21:45:09,76,0,750,30.28
21:45:11,91,7,437,64.32
21:45:13,85,4,307,46.68
21:45:15,83,5,330,51.20
21:45:17,71,6,163,50.64
21:45:19,82,4,411,47.09
21:45:21,102,1,494,39.29
21:45:23,72,4,700,47.76
21:45:25,108,10,306,81.91
21:45:27,97,4,453,51.80
21:45:29,61,4,309,39.99
21:45:31,57,6,187,47.00
21:45:33,76,8,24,59.97
21:45:35,76,8,595,66.82
21:45:37,114,4,406,55.99
21:45:39,114,1,364,41.09
21:45:41,112,7,763,74.12
21:45:43,99,10,328,79.66
21:45:45,57,1,782,30.14
21:45:47,58,2,612,33.18
21:45:49,73,9,116,65.03
21:45:51,78,1,153,28.48
21:45:53,113,7,710,73.76
21:45:55,108,0,788,39.70
21:45:57,84,6,433,57.52
21:45:59,68,4,90,39.32
21:46:01,97,6,357,60.24
21:46:03,68,9,557,68.92
21:46:05,89,5,223,51.60
21:46:07,99,6,478,62.26
21:46:10,68,9,231,65.01
21:46:12,64,0,180,20.08
21:46:14,68,1,644,31.57
21:46:16,106,10,76,78.59
21:46:18,94,5,755,59.38
21:46:20,60,10,701,73.21
21:46:22,60,5,229,43.55
21:46:24,57,2,373,30.04
21:46:26,108,6,529,65.39
21:46:28,96,0,11,27.01
21:46:30,86,9,550,73.88
21:46:32,71,5,133,45.48
21:46:34,115,6,2,61.02
21:46:36,91,10,104,74.73
21:46:38,83,3,92,38.74
21:46:40,97,4,731,55.13
21:46:42,56,5,708,48.18
21:46:44,83,9,544,72.97
21:46:46,111,4,350,54.48
21:46:48,82,2,207,35.04
21:46:50,79,8,224,63.21
21:46:52,91,2,190,37.36
21:46:54,77,7,191,57.45
21:46:56,59,5,546,47.07
21:46:58,104,6,614,65.29
21:47:00,75,3,489,41.27
21:47:02,77,5,224,48.25
21:47:04,87,3,379,43.31
21:47:06,91,2,323,38.96
21:47:08,98,6,248,59.22
21:47:10,98,3,747,50.80
21:47:12,90,7,628,66.34
21:47:14,92,10,560,80.48
21:47:16,100,8,518,72.62
21:47:18,83,7,668,64.86
21:47:20,57,4,785,44.58
21:47:22,56,2,449,30.67
21:47:24,84,4,609,50.03
21:47:26,82,2,402,37.38
21:47:28,80,2,620,39.44
21:47:30,106,1,693,42.80
21:47:32,82,5,503,53.00
21:47:34,81,4,530,48.24
21:47:36,85,9,41,67.49
21:47:38,91,3,337,43.92
21:47:40,101,0,245,31.22
21:47:42,63,9,700,69.24
21:47:44,108,9,110,74.76
21:47:46,68,2,633,36.24
21:47:48,103,2,97,39.60
21:47:50,72,2,684,37.97
21:47:52,99,7,612,68.66
21:47:54,55,8,125,55.30
21:47:56,79,5,650,53.92
21:47:58,58,5,215,42.82
21:48:00,92,5,527,56.08
21:48:02,113,7,13,65.40
21:48:04,72,3,141,36.25
21:48:06,73,4,611,46.97
21:48:08,100,2,481,43.37
21:48:10,107,8,797,77.92
21:48:12,104,6,664,65.89
21:48:14,95,0,3,26.64
21:48:16,115,2,279,45.15
21:48:18,104,5,8,53.22
21:48:20,111,9,318,78.10
21:48:22,91,1,96,31.43
21:48:24,78,10,268,73.06
21:48:26,65,2,728,36.54
21:48:28,83,2,102,34.06
21:48:30,69,3,770,42.96
21:48:32,63,4,678,44.98
21:48:34,91,4,689,52.95
21:48:36,82,10,420,76.00
21:48:38,74,1,583,32.52
21:48:40,104,0,290,32.60
21:48:42,108,10,404,83.09
21:48:44,59,10,468,70.14
21:48:46,115,6,105,62.26
21:48:48,73,1,557,31.92
21:48:50,97,7,580,67.72
21:48:52,72,4,16,39.55
21:48:54,111,7,246,67.63
21:48:56,89,5,236,51.75
21:48:59,83,2,209,35.35
21:49:01,110,4,186,52.23
21:49:03,65,9,321,65.25
21:49:05,76,3,41,36.17
21:49:07,62,5,466,46.95
21:49:09,81,8,444,66.41
21:49:11,84,9,161,68.65
21:49:13,72,10,309,71.87
21:49:15,80,6,798,60.78
21:49:17,68,6,168,49.86
21:49:19,75,2,194,32.93
21:49:21,72,1,29,25.31
21:49:23,115,5,671,64.25
21:49:25,109,2,243,43.04
21:49:27,100,5,456,57.47
21:49:29,98,10,220,78.08
21:49:31,95,4,204,48.25
21:49:33,65,0,398,22.98
21:49:35,76,8,420,64.72
21:49:37,68,8,454,62.89
21:49:39,80,2,486,37.83
21:49:41,60,7,765,59.58
21:49:43,110,4,617,57.40
21:49:45,57,3,500,36.36
21:49:47,97,8,135,67.18
21:49:49,92,6,387,59.20
21:49:51,86,6,105,54.14
13:17:06,68,0,571,25.89
13:17:08,83,8,582,68.62
13:17:10,64,1,576,29.63
13:17:12,89,2,619,41.95
13:17:14,89,8,230,66.08
13:17:16,98,1,241,35.13
13:17:18,110,3,156,47.07
13:17:21,115,7,457,71.28
13:17:23,112,5,301,58.97
13:17:25,113,7,307,68.92
13:17:27,77,10,393,74.28
13:17:29,113,8,88,71.10
13:17:31,84,0,618,30.94
13:17:33,84,3,655,45.78
13:17:35,75,1,113,27.16
13:17:37,110,4,251,53.01
13:17:39,62,0,103,18.60
13:17:41,71,8,546,64.83
13:17:43,65,4,391,42.09
13:17:45,68,8,754,66.49
13:17:47,101,8,189,68.95
13:17:49,108,8,643,76.36
13:17:51,98,7,587,68.08
13:17:53,101,10,506,82.35
13:17:55,107,9,571,80.01
13:17:57,102,8,520,73.20
13:17:59,56,4,318,38.70
13:18:01,72,10,34,68.57
13:18:02,84,6,184,54.53
13:18:04,103,8,394,71.97
13:18:06,69,0,66,20.11
13:18:08,101,5,536,58.71
13:18:10,112,5,731,64.13
13:18:12,111,0,125,32.58
13:18:14,72,2,222,32.42
13:18:16,99,2,659,45.23
13:18:18,91,6,252,57.30
13:18:20,113,4,150,52.64
13:18:22,73,3,584,41.85
13:18:24,94,10,356,78.59
13:18:26,87,3,292,42.26
13:18:28,111,3,319,49.31
13:18:30,108,4,672,57.50
13:18:32,66,10,203,68.92
13:18:34,103,6,752,66.66
13:18:36,83,8,454,67.09
13:18:38,68,9,678,70.38
13:18:40,110,0,76,31.71
13:18:42,108,6,452,64.46
13:18:44,110,9,514,80.17
13:18:46,87,8,532,69.14
13:18:48,69,2,446,34.27
13:18:50,65,2,233,30.60
13:18:52,115,2,233,44.60
13:18:54,105,7,797,72.56
13:18:56,109,8,99,70.11
13:18:58,70,2,622,36.66
13:19:00,81,1,447,32.84
13:19:02,99,3,171,44.17
13:19:04,57,6,97,45.92
13:19:06,93,9,195,71.58
13:19:08,84,1,420,33.36
13:19:10,59,9,181,61.89
13:19:12,61,1,572,28.74
13:19:14,62,7,536,57.39
13:19:16,58,2,97,27.00
13:19:18,61,4,454,41.73
13:19:20,81,8,621,68.53
13:19:22,77,3,699,44.35
13:19:24,103,4,268,51.26
13:19:26,81,4,240,44.76
13:19:28,61,0,784,26.49
13:19:30,107,1,104,36.01
13:19:32,60,7,748,59.38
13:19:34,59,0,733,25.32
13:19:36,74,8,107,60.40
13:19:38,76,7,400,59.68
13:19:40,63,5,748,50.62
13:19:42,114,7,663,73.48
13:19:44,107,2,782,48.94
13:19:46,83,0,680,31.40
13:19:48,80,2,742,40.90
13:19:50,78,9,128,66.58
13:19:52,85,3,443,43.52
13:19:54,60,0,125,18.30
13:19:56,103,7,267,65.64
13:19:58,106,6,786,67.91
13:20:00,64,4,771,46.37
13:20:02,76,4,669,48.51
13:20:04,84,0,502,29.54
13:20:06,94,0,328,30.26
13:20:08,69,6,509,54.23
13:20:10,74,6,658,57.42
13:20:12,105,5,350,57.60
13:20:14,98,9,553,77.28
13:20:16,86,10,132,73.66
13:20:18,68,2,748,37.62
13:20:20,111,8,29,69.83
13:20:22,106,5,98,54.86
13:20:24,94,10,526,80.63
13:20:26,74,6,320,53.36
13:20:28,109,5,331,58.49
13:20:30,79,8,286,63.95
13:20:32,100,6,745,65.74
13:20:34,97,10,525,81.46
13:20:36,82,6,214,54.33
13:20:38,59,0,634,24.13
13:20:40,104,9,27,72.64
13:20:42,110,8,437,74.44
13:20:44,98,2,173,39.12
13:20:46,62,9,635,68.18
13:20:48,94,8,768,73.94
13:20:50,61,6,283,49.28
13:20:52,92,2,389,40.03
13:20:54,67,2,213,30.92
13:20:57,79,1,17,27.12
13:20:59,74,0,82,21.70
13:21:01,101,7,628,69.42
13:21:03,58,0,401,21.05
13:21:05,72,9,620,70.80
13:21:07,111,7,227,67.40
13:21:09,63,0,419,22.67
13:21:11,105,5,16,53.59
13:21:13,92,1,529,36.91
13:21:15,85,8,36,62.63
13:21:17,56,2,763,34.44
13:21:19,109,4,503,55.76
13:21:21,84,8,739,70.79
13:21:23,108,0,549,36.83
13:21:25,112,1,664,44.13
13:21:27,95,2,96,37.35
13:21:29,85,1,622,36.06
13:21:31,106,9,99,74.07
13:21:33,60,4,128,37.54
13:21:35,92,4,365,49.34
13:21:37,95,4,135,47.42
13:21:39,115,6,157,62.88
13:21:41,70,4,742,47.70
13:21:43,95,8,497,70.96
13:21:45,96,6,94,56.81
13:21:47,106,6,680,66.64
13:21:49,111,6,497,65.84
13:21:51,73,9,173,65.72
13:21:53,94,5,55,50.98
13:21:55,95,8,585,72.02
13:21:57,61,3,263,34.64
13:21:59,88,5,279,51.99
13:22:01,58,7,224,52.53
13:22:03,65,2,734,36.61
13:22:05,69,8,711,66.25
13:22:07,57,4,631,42.73
13:22:09,109,5,601,61.73
13:22:11,73,7,646,61.79
13:22:13,104,9,220,74.96
13:22:15,97,7,369,65.19
13:22:17,108,3,369,49.07
13:22:19,81,3,204,39.53
13:22:21,82,3,645,45.10
13:22:23,72,4,705,47.82
13:22:25,80,0,218,25.02
13:22:27,111,5,38,55.54
13:22:29,84,1,44,28.85
13:22:31,99,10,20,75.96
13:22:33,65,2,791,37.29
13:22:35,92,4,592,52.06
13:22:37,81,7,71,57.13
13:22:39,65,8,750,65.60
13:22:41,78,5,785,55.26
13:22:43,89,2,451,39.93
13:22:45,62,3,46,32.31
13:22:47,77,3,395,40.70
13:22:49,64,4,220,39.76
13:22:51,110,3,1,45.21
13:22:53,71,6,768,57.90
13:22:55,67,9,371,66.41
13:22:57,88,9,166,69.83
13:22:59,113,6,492,66.34
13:23:01,70,8,588,65.06
13:23:03,109,1,419,40.35
13:23:05,81,3,127,38.60
13:23:07,61,3,213,34.04
13:23:10,72,2,149,31.55
13:23:12,101,3,320,46.52
13:23:14,64,6,236,49.55
13:23:16,97,6,758,65.06
13:23:18,61,8,281,58.85
13:23:20,93,5,332,54.02
13:23:22,97,3,608,48.86
13:23:24,86,1,363,33.24
13:23:26,96,0,395,31.62
13:23:28,94,1,539,37.59
13:23:30,58,5,326,44.15
13:23:32,103,8,333,71.24
13:23:34,83,5,684,55.45
13:23:36,111,1,88,36.94
13:23:38,95,8,581,71.97
13:23:40,80,3,470,42.44
13:23:42,109,7,693,72.44
13:23:44,59,2,521,32.37
13:23:46,55,9,396,63.35
13:23:48,107,1,317,38.56
13:23:50,112,3,226,48.47
13:23:52,112,9,59,75.27
13:23:54,65,0,783,27.60
13:23:56,109,3,612,52.26
13:23:58,94,0,409,31.23
13:24:00,67,0,493,24.68
13:24:02,103,3,516,49.43
13:24:04,115,0,235,35.02
13:24:06,99,2,452,42.74
13:24:08,100,2,250,40.60
13:24:10,90,3,477,45.32
13:24:12,105,1,71,35.05
13:24:14,102,2,702,46.58
13:24:16,64,5,307,45.60
13:24:18,83,7,704,65.29
13:24:20,88,9,11,67.97
13:24:22,115,10,791,89.69
13:24:24,101,1,615,40.46
13:24:26,89,10,235,75.74
13:24:28,93,8,641,72.13
13:24:30,94,4,752,54.54
13:24:32,115,5,56,56.87
13:24:34,100,8,378,70.94
13:24:36,59,6,336,49.35
13:24:38,94,8,580,71.68
13:24:40,94,0,389,30.99
13:24:42,104,3,81,44.49
13:24:44,58,3,192,32.94
13:24:46,85,4,59,43.71
13:24:48,114,0,750,40.92
13:24:50,98,4,177,48.76
13:24:52,57,8,676,62.47
13:24:54,57,10,442,69.26
13:24:56,95,5,691,58.89
13:24:58,98,9,435,75.86
13:25:00,57,9,770,68.40
13:25:02,101,1,264,36.25
13:25:04,64,10,241,68.81
13:25:06,95,5,727,59.32
13:25:08,113,6,331,64.41
13:25:10,55,2,261,28.13
13:25:12,105,10,7,77.48
13:25:14,59,5,473,46.20
13:25:16,106,4,511,55.01
13:25:18,94,9,665,77.50
13:25:20,102,2,789,47.63
13:25:22,61,5,339,45.15
13:25:24,76,1,233,28.88
13:25:26,110,2,478,46.14
13:25:28,102,4,494,53.69
13:25:30,84,7,379,61.67
13:25:32,112,1,121,37.61
13:25:34,78,2,147,33.20
13:25:36,62,1,237,25.00
13:25:38,105,0,364,33.77
13:25:40,98,5,658,59.34
13:25:42,104,3,335,47.54
13:25:44,82,2,799,42.15
13:25:46,107,1,367,39.16
13:25:48,60,5,611,48.13
13:25:50,101,0,147,30.04
13:25:52,98,0,177,29.56
13:25:54,74,5,208,47.22
13:25:56,71,5,435,49.10
13:25:58,73,9,122,65.10
13:26:00,89,7,260,61.64
13:26:02,55,2,187,27.24
13:26:04,96,4,564,52.85
13:26:06,57,3,341,34.45
13:26:08,65,1,641,30.69
13:26:10,79,0,615,29.50
13:26:12,104,2,382,43.30
13:26:14,98,8,181,68.01
13:26:16,83,3,784,47.05
13:26:18,56,1,225,23.18
13:26:20,106,6,273,61.76
13:26:22,83,5,700,55.64
13:26:24,73,10,491,74.33
13:26:26,89,2,528,40.86
13:26:28,84,2,562,39.86
13:26:30,91,7,550,65.68
13:26:32,55,1,439,25.47
13:26:34,71,6,325,52.58
13:26:36,78,7,595,62.58
13:26:38,114,8,380,74.88
13:26:40,59,7,222,52.78
13:26:42,113,2,449,46.63
13:26:44,76,9,121,65.93
13:26:46,109,10,493,84.44
13:26:48,79,4,228,44.06
13:26:51,63,10,130,67.20
13:26:53,113,2,56,41.91
13:26:55,55,0,320,19.24
13:26:57,82,6,423,56.84
13:26:59,105,4,628,56.14
13:27:01,74,2,702,38.74
13:27:03,84,8,712,70.46
13:27:05,104,4,559,55.03
13:27:07,97,9,624,77.85
13:27:09,97,2,762,45.90
13:27:11,73,6,204,51.69
13:27:13,98,6,310,59.96
13:27:15,78,1,219,29.27
13:27:17,91,1,436,35.51
13:27:19,91,3,417,44.88
13:27:21,62,7,277,54.28
13:27:23,61,4,795,45.82
13:27:25,69,10,320,71.16
13:27:27,82,7,602,63.78
13:27:29,113,7,523,71.52
13:27:31,66,7,21,52.33
13:27:33,61,6,306,49.55
13:27:35,102,10,227,79.28
13:27:37,114,2,110,42.84
13:27:39,92,0,657,33.64
13:27:41,83,6,163,54.00
13:27:43,71,7,455,58.94
13:27:45,55,6,349,48.39
13:27:47,106,3,53,44.72
13:27:49,79,4,394,46.05
13:27:51,105,0,725,38.10
13:27:53,82,7,585,63.58
13:27:55,64,0,380,22.48
13:27:57,89,1,611,37.05
13:27:59,98,6,314,60.01
13:28:01,114,6,619,68.15
13:28:03,103,9,575,78.94
13:28:05,74,2,306,33.99
13:28:07,57,5,320,43.80
13:28:09,80,4,556,48.27
13:28:11,71,3,60,35.00
13:28:13,89,9,440,73.40
13:28:15,87,7,446,63.31
13:28:17,91,9,252,71.70
13:28:19,91,9,435,73.90
13:28:21,75,2,187,32.84
13:28:23,94,10,342,78.42
13:28:25,87,7,678,66.10
13:28:27,59,6,397,50.08
13:28:29,58,9,281,62.81
13:28:31,68,7,470,58.28
13:28:33,73,9,14,63.81
13:28:35,111,1,213,38.44
13:28:37,100,6,357,61.08
13:28:39,84,8,434,67.13
13:28:41,78,9,634,72.65
13:28:43,57,0,433,21.16
13:28:45,113,2,89,42.31
13:28:47,106,10,410,82.60
13:28:49,88,4,219,46.47
13:28:51,63,3,723,40.72
13:28:53,95,4,241,48.69
13:28:55,82,6,348,55.94
13:28:57,68,5,777,52.36
13:28:59,85,2,414,38.37
13:29:01,67,7,717,60.96
13:29:03,73,8,703,67.28
13:29:05,71,9,129,64.63
13:29:07,106,6,718,67.10
13:29:09,74,1,681,33.69
13:29:11,96,3,116,42.67
13:29:13,82,7,81,57.53
13:29:15,101,3,705,51.14
13:29:17,109,2,490,46.00
13:29:19,78,0,534,28.25
13:29:21,109,0,147,32.28
13:29:23,66,6,746,56.23
13:29:25,87,9,66,68.35
13:29:27,102,7,85,63.18
13:29:29,62,8,201,58.17
13:29:31,98,8,719,74.47
13:29:33,109,0,339,34.59
13:29:35,96,4,609,53.39
13:29:37,83,8,528,67.98
13:29:39,110,3,460,50.72
13:29:41,87,5,339,52.43
13:29:43,108,0,376,34.75
13:29:45,98,7,210,63.56
13:29:47,62,2,654,34.81
13:29:49,71,7,133,55.08
13:29:51,63,10,122,67.10
13:29:53,112,3,114,47.13
13:29:55,115,0,281,35.57
13:29:57,62,0,56,18.03
13:29:59,72,9,45,63.90
13:30:01,76,5,235,48.10
13:30:03,111,9,651,82.09
13:30:05,67,1,178,25.70
13:30:07,90,5,192,51.50
13:30:09,112,9,659,82.47
13:30:11,100,0,563,34.76
13:30:13,56,7,50,49.88
13:30:15,59,8,447,60.28
13:30:17,95,9,673,77.88
13:30:19,108,5,326,58.15
13:30:21,89,3,96,40.47
13:30:23,55,0,465,20.98
13:30:25,57,4,175,37.26
13:30:27,115,4,618,58.82
13:30:29,110,5,65,55.58
13:30:31,95,10,712,83.14
13:30:33,85,10,763,80.96
13:30:35,77,9,48,65.34
13:30:37,57,9,523,65.44
13:30:39,112,8,279,73.11
13:30:41,111,0,111,32.41
13:30:43,61,2,76,27.59
13:30:45,96,1,559,38.39
13:30:47,96,8,77,66.20
13:30:49,89,4,386,48.75
13:30:51,55,3,512,35.94
13:30:53,70,8,298,61.58
13:30:55,111,8,605,76.74
13:30:57,110,8,281,72.57
13:31:00,68,1,106,25.11
13:31:02,109,10,405,83.38
13:31:04,103,1,416,38.63
13:31:06,79,6,156,52.79
13:31:08,56,3,308,33.78
13:31:10,114,4,474,56.81
13:31:12,71,4,506,45.15
13:31:14,75,7,634,62.21
13:31:16,73,5,51,45.05
13:31:18,94,0,95,27.46
13:31:20,86,6,688,61.14
13:31:22,107,6,232,61.54
13:31:24,97,1,410,36.88
13:31:26,112,8,771,79.01
13:31:28,97,0,494,33.09
13:31:30,74,6,397,54.28
13:31:32,97,2,108,38.06
13:31:34,90,0,388,29.86
13:31:36,57,5,613,47.32
13:31:38,80,9,2,65.62
13:31:40,90,6,311,57.73
13:31:42,88,7,116,59.63
13:31:44,97,9,46,70.91
13:31:46,70,3,728,42.74
13:31:48,76,2,767,40.08
13:31:50,72,5,605,51.42
13:31:52,74,3,614,42.49
13:31:54,80,9,159,67.51
13:31:56,98,6,256,59.31
13:31:58,81,0,694,31.01
13:32:00,105,6,620,65.64
13:32:02,83,3,9,37.75
13:32:04,106,5,784,63.09
13:32:06,114,5,278,59.26
13:32:08,81,3,185,39.30
13:32:10,97,6,126,57.47
13:32:12,67,1,200,25.96
13:32:14,90,3,37,40.04
13:32:16,73,6,608,56.54
13:32:18,107,2,660,47.48
13:32:20,103,1,605,40.90
13:32:22,112,10,532,85.74
13:32:24,114,6,63,61.48
13:32:26,74,9,706,72.39
13:32:28,84,3,4,37.97
13:32:30,55,7,678,57.14
13:32:32,58,10,231,67.01
13:32:34,83,7,79,57.79
13:32:36,89,2,503,40.56
13:32:38,101,4,120,48.92
13:32:40,81,8,761,70.21
13:32:42,62,2,46,27.51
13:32:44,99,2,291,40.81
13:32:46,82,5,693,55.28
13:32:48,56,1,668,28.50
13:32:50,110,4,232,52.78
13:32:52,79,7,637,63.36
13:32:54,60,7,229,53.15
13:32:56,105,6,707,66.68
13:32:58,60,3,582,38.18
13:33:00,57,5,474,45.65
13:33:02,62,5,303,45.00
13:33:04,70,6,123,49.88
13:33:06,92,10,800,83.36
13:33:08,82,6,352,55.98
13:33:10,85,1,768,37.82
13:33:12,97,1,737,40.80
13:33:14,61,3,101,32.69
13:33:16,70,6,719,57.03
13:33:18,95,1,428,36.54
13:33:20,90,1,90,31.08
13:33:22,81,4,419,46.91
13:33:24,79,0,604,29.37
13:33:26,83,9,183,68.64
13:33:28,100,6,166,58.79
13:33:30,64,10,619,73.35
13:33:32,76,4,579,47.43
13:33:34,69,8,329,61.67
13:33:36,109,8,322,72.78
13:33:38,78,1,559,33.35
13:33:41,81,6,154,53.33
13:33:43,84,1,287,31.76
13:33:45,115,5,376,60.71
13:33:47,61,8,617,62.88
13:33:49,98,2,363,41.40
13:33:51,65,10,297,69.76
13:33:53,66,4,231,40.45
13:33:55,64,9,45,61.66
13:33:57,93,3,216,43.03
13:33:59,65,9,26,61.71
13:34:01,110,9,237,76.84
13:34:03,85,7,79,58.35
13:34:05,98,7,344,65.17
13:34:07,106,6,444,63.81
13:34:09,106,2,395,44.02
13:34:11,103,4,180,50.20
13:34:13,78,6,648,58.42
13:34:15,60,4,366,40.39
13:34:17,88,1,636,37.07
13:34:19,109,4,770,58.96
13:34:21,99,8,396,70.87
13:34:23,101,3,201,45.09
13:34:25,90,6,150,55.80
13:34:27,80,6,775,60.50
13:34:29,69,0,401,24.13
13:34:31,67,1,299,27.15
13:34:33,110,8,770,78.44
13:34:35,66,2,626,35.59
13:34:37,84,3,544,44.45
13:34:39,83,8,173,63.72
13:34:41,56,2,614,32.65
13:34:43,96,3,55,41.94
13:34:45,81,6,674,59.57
13:34:47,59,0,430,21.68
13:34:49,96,0,17,27.08
13:34:51,104,9,294,75.85
13:34:53,101,8,752,75.70
13:34:55,104,8,460,73.04
13:34:57,107,7,799,73.15
13:34:59,73,0,245,23.38
13:35:01,93,4,205,47.70
13:35:03,73,3,346,38.99
13:35:05,85,5,742,56.70
13:35:07,58,9,208,61.94
13:35:09,68,6,572,54.70
13:35:11,72,2,247,32.72
13:35:13,72,1,173,27.04
13:35:15,103,4,437,53.28
13:35:17,73,7,529,60.39
13:35:19,99,6,284,59.93
13:35:21,68,8,721,66.09
13:35:23,82,3,49,37.95
13:35:25,79,3,500,42.52
13:35:27,112,5,586,62.39
13:35:29,88,0,503,30.68
13:35:31,80,0,574,29.29
13:35:33,89,2,204,36.97
13:35:35,90,5,694,57.53
13:35:37,62,5,290,44.84
13:35:39,83,4,447,47.80
13:35:41,74,6,617,56.92
13:35:43,78,1,315,30.42
13:35:45,70,9,722,71.46
13:35:47,77,2,311,34.89
13:35:49,80,0,520,28.64
13:35:51,87,7,686,66.19
13:35:53,111,4,215,52.86
13:35:55,56,0,694,24.01
13:35:57,105,3,376,48.31
13:35:59,68,1,688,32.10
13:36:01,78,6,273,53.92
13:36:03,77,3,550,42.56
13:36:05,92,4,81,45.93
13:36:07,97,5,584,58.17
13:36:09,57,8,26,54.67
13:36:11,68,9,477,67.96
13:36:13,102,6,211,59.89
13:36:15,77,5,11,45.69
13:36:17,99,1,525,38.82
13:36:19,75,4,161,42.13
13:36:21,71,5,251,46.89
13:36:23,89,3,213,41.88
13:36:25,90,7,302,62.42
13:36:27,60,4,707,44.48
13:36:29,86,0,22,24.34
13:36:31,61,8,326,59.39
13:36:33,82,7,206,59.03
13:36:35,102,1,473,39.04
13:36:37,96,6,108,56.98
13:36:39,109,6,141,61.01
13:36:41,70,7,535,59.62
13:36:43,58,8,443,59.96
13:36:45,97,8,535,71.98
13:36:47,84,3,42,38.42
13:36:49,70,4,385,43.42
13:36:51,72,8,415,63.54
13:36:53,80,8,108,62.10
13:36:55,73,4,142,41.34
13:36:57,60,5,96,41.95
13:36:59,55,6,479,49.95
13:37:01,98,6,263,59.40
13:37:03,59,6,365,49.70
13:37:05,108,3,14,44.81
13:37:07,108,0,452,35.66
13:37:09,78,10,105,71.10
13:37:11,56,4,365,39.26
13:37:13,57,7,462,55.10
13:37:15,67,6,759,56.67
13:37:17,88,7,455,63.70
13:37:19,105,4,494,54.53
13:37:21,57,6,231,47.53
13:37:23,74,7,540,60.80
13:37:25,91,3,302,43.50
13:37:27,68,1,713,32.40
13:37:29,72,0,227,22.88
13:37:31,115,10,667,88.20
13:37:33,85,9,330,70.96
13:37:35,95,5,44,51.13
13:37:37,61,7,541,57.17
13:37:39,106,9,20,73.12
13:37:41,61,9,56,60.95
13:37:43,59,8,567,61.72
13:37:45,76,8,102,60.90
13:37:47,89,10,113,74.28
13:37:49,109,6,142,61.02
13:37:52,109,6,478,65.06
13:37:54,104,9,477,78.04
13:37:56,76,10,521,75.53
13:37:58,100,5,287,55.44
13:38:00,77,3,602,43.18
13:38:02,59,7,161,52.05
13:38:04,82,7,705,65.02
13:38:06,73,8,81,59.81
13:38:08,85,6,601,59.81
13:38:10,86,2,15,33.86
13:38:12,107,2,310,43.28
13:38:14,100,1,567,39.60
13:38:16,68,8,174,59.53
13:38:18,83,2,305,36.50
13:38:20,74,8,615,66.50
13:38:22,57,10,66,64.75
13:38:24,115,4,39,51.87
13:38:26,70,10,3,67.64
13:38:28,110,2,520,46.64
13:38:30,66,0,74,19.37
13:38:32,100,3,327,46.32
13:38:34,110,10,746,87.75
13:38:36,65,4,439,42.67
13:38:38,67,4,275,41.26
13:38:40,80,5,480,52.16
13:38:42,106,6,100,59.68
13:38:44,74,0,276,24.03
13:38:46,60,0,505,22.86
13:38:48,115,1,667,45.00
13:38:50,63,8,88,57.10
13:38:52,59,9,134,61.33
13:38:54,93,8,302,68.06
13:38:56,74,10,719,77.35
13:38:58,91,6,475,59.98
13:39:00,86,0,534,30.49
13:39:02,84,6,344,56.45
13:39:04,89,10,519,79.15
13:39:06,65,10,710,74.72
13:39:08,113,0,380,36.20
13:39:10,61,8,395,60.22
13:39:12,72,2,700,38.16
13:39:14,55,6,612,51.54
13:39:16,58,10,665,72.22
13:39:18,82,6,778,61.10
13:39:20,97,5,179,53.31
13:39:22,111,10,223,81.76
13:39:24,55,1,560,26.92
13:39:26,84,9,727,75.44
13:39:28,100,7,658,69.50
13:39:30,65,3,590,39.68
13:39:32,72,4,301,42.97
13:39:34,97,3,131,43.13
13:39:36,98,8,265,69.02
13:39:38,70,1,449,29.79
13:39:40,73,0,208,22.94
13:39:42,76,6,520,56.32
13:39:44,114,1,26,37.03
13:39:46,57,9,492,65.06
13:39:48,58,4,257,38.52
13:39:50,58,5,523,46.52
13:39:52,84,5,543,54.04
13:39:54,66,6,203,49.72
13:39:56,103,4,482,53.82
13:39:58,78,3,386,40.87
13:40:00,99,8,264,69.29
13:40:02,58,6,150,46.84
13:40:04,103,2,95,39.58
13:40:06,92,4,329,48.91
13:40:08,90,7,502,64.82
13:40:10,78,0,179,23.99
13:40:12,106,9,274,76.17
13:40:14,86,2,702,42.10
13:40:16,102,7,127,63.68
13:40:18,72,6,84,49.97
13:40:20,76,0,435,26.50
13:40:22,61,2,189,28.95
13:40:24,77,2,285,34.58
13:40:26,111,10,259,82.19
13:40:28,73,4,554,46.29
13:40:30,115,9,129,76.95
13:40:32,88,9,293,71.36
13:40:34,64,3,91,33.41
13:40:36,78,9,632,72.62
13:40:38,68,7,273,55.92
13:40:40,101,2,329,41.83
13:40:42,100,4,616,54.59
13:40:44,71,3,373,38.76
13:40:46,111,7,530,71.04
13:40:48,95,10,599,81.79
13:40:50,71,4,523,45.36
13:40:52,111,1,595,43.02
13:40:54,64,1,405,27.58
13:40:56,115,6,135,62.62
13:40:58,115,10,187,82.44
13:41:00,87,10,203,74.80
13:41:02,76,10,571,76.13
13:41:04,103,9,545,78.58
13:41:06,106,4,587,55.92
13:41:08,111,2,331,44.65
13:41:10,65,5,586,49.23
13:41:12,96,4,468,51.70
13:41:14,85,0,684,32.01
13:41:16,110,0,171,32.85
13:41:18,59,5,299,44.11
13:41:20,89,0,769,34.15
13:41:22,60,0,176,18.91
13:41:24,104,8,40,68.00
13:41:26,62,3,320,35.60
13:41:28,59,2,559,32.83
13:41:30,82,4,45,42.70
13:41:32,71,10,542,74.38
13:41:34,71,7,367,57.88
13:41:36,81,10,204,73.13
13:41:38,93,1,365,35.22
13:41:40,68,5,403,47.88
13:41:42,80,3,461,42.33
13:41:44,114,8,23,70.60
13:41:46,92,2,409,40.27
13:41:48,81,10,0,70.68
13:41:50,91,5,132,51.06
13:41:52,76,5,106,46.55
13:41:54,101,1,171,35.13
13:41:56,102,0,248,31.54
13:41:58,74,3,488,40.98
13:42:00,67,4,566,44.75
13:42:02,81,4,585,48.90
13:42:04,111,6,515,66.06
13:42:06,86,9,135,68.90
13:42:08,70,6,778,57.74
13:42:10,58,5,478,45.98
13:42:12,81,8,468,66.70
13:42:14,98,9,357,74.92
13:42:16,59,10,539,70.99
13:42:18,87,10,373,76.84
13:42:20,90,8,304,67.25
13:42:23,87,9,659,75.47
13:42:25,58,4,370,39.88
13:42:27,88,10,590,79.72
13:42:29,79,9,724,74.01
13:42:31,111,7,469,70.31
13:42:33,99,5,514,57.89
13:42:35,77,8,19,60.19
13:42:37,87,8,34,63.17
13:42:39,68,7,735,61.46
13:42:41,58,5,356,44.51
13:42:43,98,8,85,66.86
13:42:45,70,9,3,62.84
13:42:47,94,10,652,82.14
13:42:49,68,3,377,37.96
13:42:51,86,5,547,54.64
13:42:53,104,1,422,38.98
13:42:55,78,7,721,64.09
13:42:57,107,3,369,48.79
13:42:59,108,0,714,38.81
13:43:01,100,9,760,80.32
13:43:03,77,0,320,25.40
13:43:05,81,7,56,56.95
13:43:07,98,1,330,36.20
13:43:09,84,4,660,50.64
13:43:11,58,7,638,57.50
13:43:13,62,5,543,47.88
13:43:15,68,4,200,40.64
13:43:17,92,10,281,77.13
13:43:19,92,2,770,44.60
13:43:21,111,8,400,74.28
13:43:23,87,8,92,63.86
13:43:25,69,10,263,70.48
13:43:27,62,8,502,61.78
13:43:29,57,1,493,26.68
13:43:31,106,10,197,80.04
13:43:33,108,7,364,68.21
13:43:35,76,3,271,38.93
13:43:37,97,1,484,37.77
13:43:39,110,7,558,71.10
13:43:41,59,6,647,53.08
13:43:43,71,1,129,26.23
13:43:45,68,9,297,65.80
13:43:47,108,3,129,46.19
13:43:49,112,4,732,59.34
13:43:51,107,8,13,68.52
13:43:53,105,3,358,48.10
13:43:55,81,7,86,57.31
13:43:57,104,2,332,42.70
13:43:59,94,6,159,57.03
13:44:01,86,5,504,54.13
13:44:03,101,1,60,33.80
13:44:05,80,0,517,28.60
13:44:07,78,9,236,67.87
13:44:09,64,9,274,64.41
13:44:11,105,0,146,31.15
13:44:13,88,9,322,71.70
13:44:15,84,0,778,32.86
13:44:17,65,9,477,67.12
13:44:19,109,8,76,69.83
13:44:21,65,3,695,40.94
13:44:23,57,0,593,23.08
13:44:25,95,4,362,50.14
13:44:27,106,7,115,64.66
13:44:29,113,0,521,37.89
13:44:31,90,8,41,64.09
13:44:33,104,9,630,79.88
13:44:35,84,1,91,29.41
13:44:37,97,5,670,59.20
13:44:39,56,4,652,42.70
13:44:41,94,4,449,50.91
13:44:43,96,1,166,33.67
13:44:45,115,7,584,72.81
13:44:47,62,1,677,30.28
13:44:49,95,7,179,62.35
13:44:51,64,9,701,69.53
13:44:53,82,8,281,64.73
13:44:55,100,2,260,40.72
13:44:57,97,4,561,53.09
13:44:59,101,1,53,33.72
13:45:01,67,7,523,58.64
13:45:03,67,7,552,58.98
13:45:05,105,9,778,81.94
13:45:07,57,5,455,45.42
13:45:09,78,5,782,55.22
13:45:11,93,9,347,73.40
13:45:13,94,10,613,81.68
13:45:15,69,5,24,43.61
13:45:17,70,10,91,68.69
13:45:19,96,1,727,40.40
13:45:21,75,3,453,40.84
13:45:23,91,6,316,58.07
13:45:25,106,7,592,70.38
13:45:27,92,8,225,66.86
13:45:29,69,4,259,41.63
13:45:31,63,1,36,22.87
13:45:33,85,4,731,51.77
13:45:35,105,2,743,47.92
13:45:37,113,7,91,66.33
13:45:39,100,0,584,35.01
13:45:41,71,2,654,37.33
13:45:43,77,1,25,26.66
13:45:45,102,1,573,40.24
13:45:47,87,2,475,39.66
13:45:49,115,8,216,73.19
13:45:51,57,4,781,44.53
13:45:53,83,7,422,61.90
13:45:55,103,7,330,66.40
13:45:57,115,4,432,56.58
13:45:59,91,2,374,39.57
13:46:01,112,4,624,58.05
13:46:03,64,0,5,17.98
13:46:05,85,4,525,49.30
13:46:07,90,3,604,46.85
13:46:09,57,6,225,47.46
13:46:11,57,0,667,23.96
13:46:13,102,1,150,35.16
13:46:15,65,5,128,43.74
13:46:18,106,10,85,78.70
13:46:20,96,8,480,71.04
13:46:22,73,5,597,51.60
13:46:24,62,10,530,71.72
13:46:26,61,3,303,35.12
13:46:28,84,5,274,50.81
13:46:30,105,3,368,48.22
13:46:32,106,9,163,74.84
13:46:34,101,0,281,31.65
13:46:36,89,4,523,50.40
13:46:38,101,4,205,49.94
13:46:40,91,5,24,49.77
13:46:42,77,6,653,58.20
13:46:44,64,1,143,24.44
13:46:46,96,5,572,57.74
13:46:48,57,3,725,39.06
13:46:50,69,4,692,46.82
13:46:52,86,5,169,50.11
13:46:54,68,4,300,41.84
13:46:56,97,10,178,77.30
13:46:58,98,9,278,73.98
13:47:00,61,7,372,55.14
13:47:02,59,10,242,67.42
13:47:04,65,2,599,34.99
13:47:06,79,4,18,41.54
13:47:08,94,8,321,68.57
13:47:10,78,1,519,32.87
13:47:12,103,0,564,35.61
13:47:14,81,3,701,45.49
13:47:16,76,4,225,43.18
13:47:18,77,8,739,68.83
13:47:20,92,1,170,32.60
13:47:22,86,8,667,70.48
13:47:24,77,9,418,69.78
13:47:26,86,9,499,73.27
13:47:28,106,10,385,82.30
13:47:30,101,10,321,80.13
13:47:32,83,3,524,43.93
13:47:34,111,4,312,54.02
13:47:36,107,0,721,38.61
13:47:38,80,1,736,36.03
13:47:40,81,0,332,26.66
13:47:42,99,7,530,67.68
13:47:44,114,9,147,76.88
13:47:46,92,2,626,42.87
13:47:48,109,2,372,44.58
13:47:50,97,0,722,35.82
13:47:52,95,5,757,59.68
13:47:54,85,9,728,75.74
13:47:56,57,1,509,26.87
13:47:58,88,0,276,27.95
13:48:00,59,8,6,54.99
13:48:02,90,6,273,57.28
13:48:04,84,3,420,42.96
13:48:06,68,3,360,37.76
13:48:08,58,8,569,61.47
13:48:10,95,5,377,55.12
13:48:12,75,8,638,67.06
13:48:14,66,2,744,37.01
13:48:16,81,5,725,55.38
13:48:18,96,9,630,77.64
13:48:20,92,5,141,51.45
13:48:22,105,6,661,66.13
13:48:24,92,7,48,59.94
13:48:26,66,4,39,38.15
13:48:28,105,3,135,45.42
13:48:30,93,1,519,37.07
13:48:32,88,7,27,58.56
13:48:34,82,6,549,58.35
13:48:36,69,8,273,61.00
13:48:38,72,1,621,32.41
13:48:40,57,8,196,56.71
13:48:42,103,6,402,62.46
13:48:44,56,2,629,32.83
13:48:46,63,6,0,46.44
13:48:48,63,8,20,56.28
13:48:50,62,2,601,34.17
13:48:52,82,6,28,52.10
13:48:54,93,0,124,27.53
13:48:56,108,9,167,75.44
13:48:58,91,10,293,77.00
13:49:00,82,5,184,49.17
13:49:02,98,10,707,83.92
13:49:04,97,3,754,50.61
13:49:06,107,8,511,74.49
13:49:08,95,8,529,71.35
13:49:10,112,0,280,34.72
13:49:12,106,0,464,35.25
13:49:14,109,1,465,40.90
13:49:16,58,3,115,32.02
13:49:18,69,5,769,52.55
13:49:20,107,10,472,83.62
13:49:22,113,9,307,78.52
13:49:24,92,1,292,34.06
13:49:26,61,3,472,37.14
13:49:28,65,1,383,27.60
13:49:30,55,6,487,50.04
13:49:32,102,9,318,75.58
13:49:34,108,8,361,72.97
13:49:36,98,10,506,81.51
13:49:38,108,10,79,79.19
13:49:40,105,8,349,71.99
13:49:42,64,0,390,22.60
13:49:44,57,6,508,50.86
13:49:46,96,0,146,28.63
13:49:48,71,8,489,64.15
13:49:50,73,9,276,66.95
13:49:52,84,9,200,69.12
13:49:54,87,5,28,48.70
13:49:56,67,3,315,36.94
13:49:58,76,0,38,21.74
13:50:00,84,5,316,51.31
13:50:02,63,6,199,48.83
13:50:05,113,8,462,75.58
13:50:07,91,8,251,66.89
13:50:09,95,2,614,43.57
13:50:11,82,3,144,39.09
13:50:13,57,6,63,45.52
13:50:15,102,6,479,63.11
13:50:17,88,5,266,51.83
13:50:19,112,8,412,74.70
13:50:21,61,4,795,45.82
13:50:23,63,8,557,62.72
13:50:25,81,1,425,32.58
13:50:27,65,3,303,36.24
13:50:29,65,4,392,42.10
13:50:31,80,5,433,51.60
13:50:33,103,9,551,78.65
13:50:35,56,10,435,68.90
13:50:37,91,3,123,41.36
13:50:39,91,3,686,48.11
13:50:41,60,8,167,57.20
13:50:43,61,0,439,22.35
13:50:45,103,7,328,66.38
13:50:47,66,10,196,68.83
13:50:49,82,8,214,63.93
13:50:51,113,6,580,67.40
13:50:53,74,4,242,42.82
13:50:55,114,1,620,44.16
13:50:57,70,8,706,66.47
13:50:59,64,8,82,57.30
13:51:01,111,6,39,60.35
13:51:03,95,0,625,34.10
13:51:05,101,6,290,60.56
13:51:07,110,0,625,38.30
13:51:09,64,3,633,39.92
13:51:11,80,1,363,31.56
13:51:13,58,0,98,17.42
13:51:15,71,7,287,56.92
13:51:17,115,6,226,63.71
13:51:19,100,0,219,30.63
13:51:21,56,0,124,17.17
13:51:23,71,5,422,48.94
13:51:25,72,4,728,48.10
13:51:27,106,2,360,43.60
13:51:29,87,9,145,69.30
13:51:31,68,3,677,41.56
13:51:33,99,4,525,53.22
13:51:35,110,10,341,82.89
13:51:37,82,1,463,33.32
13:51:39,103,3,699,51.63
13:51:41,94,1,58,31.82
13:51:43,69,7,627,60.44
13:51:45,88,0,318,28.46
13:51:47,86,1,730,37.64
13:51:49,109,6,426,64.43
13:51:51,90,9,306,72.07
13:51:53,90,4,236,47.23
13:51:55,76,2,80,31.84
13:51:57,105,3,387,48.44
13:51:59,65,3,770,41.84
13:52:01,58,2,670,33.88
13:52:03,73,6,403,54.08
13:52:05,56,0,557,22.36
13:52:07,113,0,581,38.61
13:52:09,84,7,65,57.90
13:52:11,105,0,453,34.84
13:52:13,98,4,489,52.51
13:52:15,65,8,172,58.66
13:52:17,79,0,428,27.26
13:52:19,60,6,36,46.03
13:52:21,106,9,291,76.37
13:52:23,95,7,750,69.20
13:52:25,55,1,367,24.60
13:52:27,115,4,570,58.24
13:52:29,109,2,112,41.46
13:52:31,73,6,486,55.07
13:52:33,57,3,205,32.82
13:52:35,62,6,139,47.83
13:52:37,60,9,519,66.23
13:52:39,94,4,222,48.18
13:52:41,113,9,489,80.71
13:52:43,95,0,406,31.47
13:52:45,100,2,536,44.03
13:52:47,61,5,176,43.19
13:52:49,65,0,357,22.48
13:52:51,85,1,257,31.68
13:52:53,71,2,535,35.90
13:52:55,96,10,664,82.85
13:52:57,110,7,232,67.18
13:52:59,98,9,410,75.56
13:53:01,108,0,151,32.05
13:53:03,78,7,752,64.46
13:53:05,55,7,62,49.74
13:53:07,114,10,613,87.28
13:53:09,94,3,433,45.92
13:53:11,55,6,213,46.76
13:53:13,115,5,332,60.18
13:53:15,70,1,127,25.92
13:53:17,112,9,676,82.67
13:53:19,105,0,222,32.06
13:53:21,96,7,286,63.91
13:53:23,100,3,576,49.31
13:53:25,77,0,2,21.58
13:53:27,112,6,130,61.72
13:53:29,107,0,740,38.84
13:53:31,77,8,481,65.73
13:53:33,103,9,793,81.56
13:53:35,80,10,248,73.38
13:53:37,67,10,245,69.70
13:53:39,66,9,272,64.94
13:53:41,82,3,390,42.04
13:53:43,113,6,91,61.53
13:53:45,63,4,115,38.22
13:53:47,114,2,263,44.68
13:53:49,80,6,154,53.05
13:53:51,100,7,683,69.80
13:53:53,76,0,650,29.08
13:53:55,93,4,690,53.52
13:53:57,89,1,50,30.32
13:53:59,76,2,371,35.33
13:54:01,107,4,180,51.32
13:54:03,64,5,407,46.80
13:54:05,61,7,280,54.04
13:54:07,87,10,584,79.37
13:54:09,64,1,152,24.54
13:54:11,75,1,686,34.03
13:54:14,56,1,197,22.84
13:54:16,94,1,762,40.26
13:54:18,99,4,451,52.33
13:54:20,85,9,747,75.96
13:54:22,83,8,711,70.17
13:54:24,84,7,597,64.28
13:54:26,80,2,734,40.81
13:54:28,115,0,771,41.45
13:54:30,115,2,769,51.03
13:54:32,111,4,518,56.50
13:54:34,107,7,145,65.30
13:54:36,97,3,441,46.85
13:54:38,57,1,170,22.80
13:54:40,78,6,606,57.91
13:54:42,97,9,645,78.10
13:54:44,106,2,90,40.36
13:54:46,106,0,137,31.32
13:54:48,94,8,543,71.24
13:54:50,98,8,520,72.08
13:54:52,56,2,743,34.20
13:54:54,92,7,31,59.73
13:54:56,86,5,177,50.20
13:54:58,109,6,26,59.63
13:55:00,112,1,123,37.64
13:55:02,114,7,741,74.41
13:55:04,94,9,676,77.63
13:55:06,99,8,17,66.32
13:55:08,64,4,389,41.79
13:55:10,103,5,553,59.48
13:55:12,99,8,789,75.59
13:55:14,73,7,384,58.65
13:55:16,57,3,397,35.12
13:55:18,77,1,583,33.36
13:55:20,115,3,712,55.14
13:55:22,101,2,292,41.38
13:55:24,87,8,515,68.94
13:55:26,83,5,534,53.65
13:55:28,108,7,632,71.42
13:55:30,89,3,548,45.90
13:55:32,94,1,442,36.42
13:55:34,111,3,313,49.24
13:55:36,59,8,529,61.27
13:55:38,97,2,18,36.98
13:55:40,90,3,624,47.09
13:55:42,93,2,89,36.71
13:55:44,76,2,66,31.67
13:55:46,87,10,394,77.09
13:55:48,79,6,601,58.13
13:55:50,91,0,623,32.96
13:55:52,107,8,359,72.67
13:55:54,64,10,102,67.14
13:55:56,113,9,552,81.46
13:55:58,100,9,29,71.55
13:56:00,99,5,282,55.10
13:56:02,97,7,763,69.92
13:56:04,73,0,85,21.46
13:56:06,92,8,506,70.23
13:56:08,97,7,497,66.72
13:56:10,69,4,549,45.11
13:56:12,98,2,721,45.69
13:56:14,68,5,110,44.36
13:56:16,77,0,786,30.99
13:56:18,68,8,505,63.50
13:56:20,74,1,502,31.54
13:56:22,81,6,777,60.80
13:56:24,112,7,69,65.79
13:56:26,83,3,9,37.75
13:56:28,91,3,576,46.79
13:56:30,111,4,547,56.84
13:56:32,108,2,426,44.95
13:56:34,89,9,186,70.35
13:56:36,65,10,165,68.18
13:56:38,113,9,716,83.43
13:56:40,107,0,155,31.82
13:56:42,72,6,588,56.02
13:56:44,112,0,173,33.44
13:56:46,108,6,655,66.90
13:56:48,62,9,506,66.63
13:56:50,96,3,585,48.30
13:56:52,73,10,416,73.43
13:56:54,68,9,384,66.85
13:56:56,85,9,481,72.77
13:56:58,102,2,529,44.51
13:57:00,99,3,346,46.27
13:57:02,111,6,116,61.27
13:57:04,63,3,35,32.46
13:57:06,112,6,238,63.02
13:57:08,56,0,113,17.04
13:57:10,90,2,509,40.91
13:57:12,86,2,322,37.54
13:57:14,67,8,356,61.43
13:57:16,113,8,286,73.47
13:57:18,115,1,480,42.76
13:57:20,100,1,437,38.04
13:57:22,85,1,10,28.72
13:57:24,77,2,766,40.35
13:57:26,91,4,689,52.95
13:57:28,101,4,675,55.58
13:57:30,65,5,151,44.01
13:57:32,102,4,388,52.42
13:57:34,100,5,122,53.46
13:57:36,86,7,514,63.85
13:57:38,110,10,550,85.40
13:57:40,86,1,616,36.27
13:57:42,107,9,392,77.86
13:57:44,76,2,681,39.05
13:57:46,109,5,522,60.78
13:57:48,59,6,288,48.78
13:57:50,79,4,188,43.58
13:57:52,58,6,272,48.30
13:57:54,60,3,180,33.36
13:57:56,84,9,657,74.60
13:57:58,84,10,210,74.04
13:58:00,102,5,647,60.32
13:58:02,84,4,32,43.10
13:58:04,72,3,681,42.73
13:58:06,70,4,372,43.26
13:58:08,76,4,658,48.38
13:58:10,75,7,552,61.22
13:58:13,94,9,341,73.61
13:58:15,105,2,509,45.11
13:58:17,81,2,537,38.72
13:58:19,101,4,673,55.56
13:58:21,107,5,401,58.77
13:58:23,101,10,255,79.34
13:58:25,99,2,287,40.76
13:58:27,66,9,599,68.87
13:58:29,67,9,494,67.89
13:58:31,93,3,553,47.08
13:58:33,98,9,239,73.51
13:58:35,92,0,244,28.69
13:58:37,114,0,353,36.16
13:58:39,84,4,719,51.35
13:58:41,81,1,488,33.34
13:58:43,58,5,759,49.35
13:58:45,62,4,337,40.60
13:58:47,97,4,437,51.60
13:58:49,61,0,289,20.55
13:58:51,56,5,604,46.93
13:58:53,65,7,618,59.22
13:58:55,109,1,521,41.57
13:58:57,62,4,397,41.32
13:58:59,76,8,252,62.70
13:59:01,91,8,793,73.40
13:59:03,73,6,473,54.92
13:59:05,75,5,337,49.04
13:59:07,74,5,204,47.17
13:59:09,100,7,414,66.57
13:59:11,62,8,95,56.90
13:59:13,55,1,702,28.62
13:59:15,96,9,697,78.44
13:59:17,107,2,346,43.71
13:59:19,106,7,38,63.74
13:59:21,71,6,267,51.88
13:59:23,84,0,760,32.64
13:59:25,55,4,268,37.82
13:59:27,93,9,799,78.83
13:59:29,65,4,649,45.19
13:59:31,78,1,639,34.31
13:59:33,88,4,634,51.45
13:59:35,95,7,396,64.95
13:59:37,65,10,796,75.75
13:59:39,69,6,741,57.01
13:59:41,111,5,683,63.28
13:59:43,73,1,583,32.24
13:59:45,69,3,666,41.71
13:59:47,66,2,208,30.58
13:59:49,104,4,464,53.89
13:59:51,74,3,411,40.05
13:59:53,108,2,353,44.08
13:59:55,62,4,493,42.48
13:59:57,84,6,726,61.03
13:59:59,73,1,672,33.30
14:00:01,91,3,201,42.29
14:00:03,66,3,16,33.07
14:00:05,72,9,751,72.37
14:00:07,65,5,11,42.33
14:00:09,86,9,387,71.92
14:00:11,67,4,289,41.43
14:00:13,59,10,29,64.87
14:00:15,87,2,305,37.62
14:00:17,78,2,383,36.04
14:00:19,72,2,267,32.96
14:00:21,71,5,86,44.91
14:00:23,67,4,540,44.44
14:00:25,88,10,464,78.21
14:00:27,82,9,441,71.45
14:00:29,74,2,782,39.70
14:00:31,74,1,514,31.69
14:00:33,73,6,267,52.44
14:00:35,62,5,81,42.33
14:00:37,91,3,761,49.01
14:00:39,102,10,99,77.75
14:00:41,110,0,151,32.61
14:00:43,81,10,564,77.45
14:00:45,97,8,156,67.43
14:00:47,69,7,405,57.78
14:00:49,96,4,707,54.56
14:00:51,76,9,174,66.57
14:00:53,111,7,474,70.37
14:00:55,84,10,60,72.24
14:00:57,81,1,556,34.15
14:00:59,88,2,555,40.90
14:01:01,88,4,168,45.86
14:01:03,84,10,110,72.84
14:01:05,70,10,281,70.97
14:01:07,86,8,510,68.60
14:01:09,86,8,193,64.80
14:01:11,93,0,636,33.67
14:01:13,60,10,258,67.90
14:01:15,76,8,278,63.02
14:01:17,93,9,416,74.23
14:01:19,115,3,389,51.27
14:01:21,106,5,60,54.40
14:01:23,109,6,103,60.56
14:01:25,68,8,157,59.32
14:01:27,58,0,657,24.12
14:01:29,77,0,745,30.50
14:01:31,67,5,235,45.58
14:01:33,92,8,422,69.22
14:01:35,69,2,180,31.08
14:01:37,64,5,383,46.52
14:01:39,98,2,278,40.38
14:01:41,62,8,542,62.26
14:01:43,81,0,2,22.70
14:01:45,87,3,418,43.78
14:01:47,58,5,15,40.42
14:01:49,103,9,744,80.97
14:01:51,59,9,344,63.85
14:01:53,82,4,270,45.40
14:01:55,106,5,694,62.01
14:01:57,86,0,747,33.04
14:01:59,115,0,294,35.73
14:02:01,58,1,662,28.98
14:02:03,69,9,701,70.93
14:02:05,105,4,128,50.14
14:02:07,114,4,601,58.33
14:02:09,112,9,72,75.42
14:02:11,106,6,153,60.32
14:02:13,58,1,144,22.77
14:02:15,91,7,167,61.08
14:02:17,96,8,236,68.11
14:02:19,98,4,593,53.76
14:02:21,72,7,474,59.45
14:02:23,77,3,353,40.20
14:02:25,67,8,800,66.76
14:02:27,98,1,73,33.12
14:02:29,81,3,750,46.08
14:02:31,69,4,350,42.72
14:02:33,59,1,313,25.08
14:02:35,105,0,560,36.12
14:02:37,103,2,140,40.12
14:02:39,64,4,717,45.72
14:02:41,68,10,316,70.83
14:02:43,106,10,620,85.12
14:02:45,110,4,436,55.23
14:02:47,68,2,548,35.22
14:02:49,72,10,646,75.91
14:02:52,81,2,214,34.85
14:02:54,85,9,211,69.53
14:02:56,76,8,767,68.88
14:02:58,84,2,344,37.25
14:03:00,74,10,748,77.70
14:03:02,96,6,198,58.06
14:03:04,102,9,44,72.29
14:03:06,86,10,154,73.93
14:03:08,55,7,348,53.18
14:03:10,56,8,23,54.36
14:03:12,111,9,727,83.00
14:03:14,101,7,305,65.54
14:03:16,104,8,612,74.86
14:03:18,78,4,2,41.06
14:03:20,98,8,498,71.82
14:03:22,80,0,592,29.50
14:03:24,82,3,234,40.17
14:03:26,59,0,40,17.00
14:03:28,89,7,399,63.31
14:03:30,69,10,94,68.45
14:03:32,80,4,538,48.06
14:03:34,102,7,575,69.06
14:03:36,91,8,177,66.00
14:03:38,65,10,413,71.16
14:03:40,102,10,571,83.41
14:03:42,102,4,691,56.05
14:03:44,70,1,226,27.11
14:03:46,81,3,116,38.47
14:03:48,101,6,584,64.09
14:03:50,66,6,258,50.38
14:03:52,80,9,28,65.94
14:03:54,82,9,487,72.00
14:03:56,73,0,217,23.04
14:03:58,76,6,242,52.98
14:04:00,77,10,450,74.96
14:04:02,106,0,601,36.89
14:04:04,113,10,675,87.74
14:04:06,78,2,147,33.20
14:04:08,111,4,742,59.18
14:04:10,88,4,489,49.71
14:04:12,67,2,357,32.64
14:04:14,58,10,171,66.29
14:04:16,100,6,120,58.24
14:04:18,62,9,702,68.98
14:04:20,58,9,249,62.43
14:04:22,84,2,288,36.58
14:04:24,83,0,773,32.52
14:04:26,110,8,580,76.16
14:04:28,77,4,74,41.65
14:04:30,100,8,213,68.96
14:04:32,89,3,794,48.85
14:04:34,109,10,270,81.76
14:04:36,55,8,17,54.00
14:04:38,64,5,14,42.09
14:04:40,61,0,442,22.38
14:04:42,67,9,58,62.66
14:04:44,67,2,268,31.58
14:04:46,111,9,767,83.48
14:04:48,79,7,507,61.80
14:04:50,57,1,183,22.96
14:04:52,75,1,210,28.32
14:04:54,100,9,231,73.97
14:04:56,62,4,564,43.33
14:04:58,82,0,404,27.81
14:05:00,97,0,765,36.34
14:05:02,95,6,718,64.02
14:05:04,93,10,134,75.65
14:05:06,100,8,505,72.46
14:05:08,65,6,583,54.00
14:05:10,98,3,465,47.42
14:05:12,99,7,81,62.29
14:05:14,102,0,73,29.44
14:05:16,60,2,89,27.47
14:05:18,102,10,242,79.46
14:05:20,87,7,185,60.18
14:05:22,109,6,332,63.30
14:05:24,65,8,179,58.75
14:05:26,99,7,275,64.62
14:05:28,107,9,730,81.92
14:05:30,109,0,334,34.53
14:05:32,79,9,64,66.09
14:05:34,112,1,528,42.50
14:05:36,73,8,593,65.96
14:05:38,78,7,405,60.30
14:05:40,86,9,468,72.90
14:05:42,99,9,239,73.79
14:05:44,59,6,390,50.00
14:05:46,91,10,415,78.46
14:05:48,64,8,147,58.08
14:05:50,94,9,295,73.06
14:05:52,111,10,293,82.60
14:05:54,62,9,500,66.56
14:05:56,101,10,588,83.34
14:05:58,96,1,692,39.98
14:06:00,59,4,280,39.08
14:06:02,109,1,727,44.04
14:06:04,80,3,642,44.50
14:06:06,66,1,540,29.76
14:06:08,95,1,722,40.06
14:06:10,98,7,641,68.73
14:06:12,60,10,130,66.36
14:06:14,75,3,187,37.64
14:06:16,113,4,511,56.97
14:06:18,111,7,399,69.47
14:06:20,99,1,237,35.36
14:06:22,98,4,624,54.13
14:06:24,56,5,577,46.60
14:06:26,96,9,340,74.16
14:06:28,67,2,405,33.22
14:06:30,89,8,555,69.98
14:06:32,59,1,517,27.52
14:06:34,56,1,302,24.10
14:06:36,65,10,614,73.57
14:06:38,91,6,651,62.09
14:06:40,87,1,36,29.59
14:06:42,61,10,724,73.77
14:06:44,55,8,431,58.97
14:06:46,69,0,366,23.71
14:06:48,59,2,187,28.36
14:06:50,67,8,274,60.45
14:06:52,66,5,330,46.44
14:06:54,83,1,308,31.74
14:06:56,103,5,221,55.49
14:06:58,106,1,782,43.86
14:07:00,63,5,552,48.26
14:07:02,107,4,147,50.92
14:07:04,93,1,41,31.33
14:07:06,56,1,145,22.22
14:07:08,86,0,35,24.50
14:07:10,114,4,529,57.47
14:07:12,96,5,57,51.56
14:07:14,107,9,133,74.76
14:07:16,79,9,452,70.74
14:07:18,115,2,128,43.34
14:07:20,98,5,699,59.83
14:07:22,113,2,97,42.40
14:07:24,111,0,797,40.64
14:07:26,86,4,693,51.60
14:07:28,78,1,490,32.52
14:07:30,84,7,520,63.36
14:07:32,80,8,207,63.28
14:07:34,75,10,779,78.35
14:07:36,86,6,220,55.52
14:07:38,78,1,119,28.07
14:07:41,97,3,288,45.02
14:07:43,112,4,523,56.84
14:07:45,72,10,565,74.94
14:07:47,90,0,269,28.43
14:07:49,92,8,279,67.51
14:07:51,109,0,435,35.74
14:07:53,83,6,32,52.42
14:07:55,112,1,733,44.96
14:07:57,108,0,741,39.13
14:07:59,55,9,713,67.16
14:08:01,56,3,244,33.01
14:08:03,93,3,125,41.94
14:08:05,65,6,649,54.79
14:08:07,72,8,761,67.69
14:08:09,63,7,381,55.81
14:08:11,106,4,625,56.38
14:08:13,58,6,687,53.28
14:08:15,58,7,609,57.15
14:08:17,90,6,730,62.76
14:08:19,63,4,711,45.37
14:08:21,102,2,749,47.15
14:08:23,67,9,265,65.14
14:08:25,67,1,475,29.26
14:08:27,92,9,102,70.18
14:08:29,58,5,792,49.74
14:08:31,94,8,388,69.38
14:08:33,96,4,291,49.57
14:08:35,73,4,104,40.89
14:08:37,56,3,629,37.63
14:08:39,111,0,345,35.22
14:08:41,103,7,353,66.68
14:08:43,61,0,345,21.22
14:08:45,112,4,538,57.02
14:08:47,58,1,328,24.98
14:08:49,73,0,98,21.62
14:08:51,82,10,783,80.36
14:08:53,80,9,339,69.67
14:08:55,60,8,262,58.34
14:08:57,55,3,112,31.14
14:08:59,86,9,470,72.92
14:09:01,66,0,299,22.07
14:09:03,84,4,26,43.03
14:09:05,101,8,290,70.16
14:09:07,57,10,386,68.59
14:09:09,105,9,308,76.30
14:09:11,115,6,57,61.68
14:09:13,68,8,683,65.64
14:09:15,90,2,318,38.62
14:09:17,78,8,412,65.18
14:09:19,71,7,699,61.87
14:09:21,62,8,48,56.34
14:09:23,61,7,436,55.91
14:09:25,89,1,152,31.54
14:09:27,85,6,577,59.52
14:09:29,114,6,664,68.69
14:09:31,95,10,698,82.98
14:09:33,105,5,446,58.75
14:09:35,85,0,664,31.77
14:09:37,111,1,220,38.52
14:09:39,106,0,202,32.10
14:09:41,108,6,57,59.72
14:09:43,66,6,478,53.02
14:09:45,112,7,645,72.70
14:09:47,104,8,542,74.02
14:09:49,61,0,453,22.52
14:09:51,57,0,725,24.66
14:09:53,82,6,300,55.36
14:09:55,79,3,40,37.00
14:09:57,61,9,14,60.45
14:09:59,64,9,695,69.46
14:10:01,114,5,471,61.57
14:10:03,66,4,787,47.12
14:10:05,97,5,36,51.59
14:10:07,86,2,617,41.08
14:10:09,75,8,797,68.96
14:10:11,71,1,620,32.12
14:10:13,92,2,244,38.29
14:10:15,90,4,656,52.27
14:10:17,63,10,675,73.74
14:10:19,84,0,580,30.48
14:10:21,81,10,251,73.69
14:10:23,82,2,508,38.66
14:10:25,72,7,214,56.33
14:10:27,60,3,626,38.71
14:10:29,73,1,108,26.54
14:10:31,61,7,75,51.58
14:10:33,73,6,211,51.77
14:10:35,100,8,714,74.97
14:10:37,83,6,615,59.42
14:10:39,76,6,138,51.74
14:10:41,75,4,780,49.56
14:10:43,56,4,552,41.50
14:10:45,86,3,432,43.66
14:10:47,69,5,311,47.05
14:10:49,77,0,498,27.54
14:10:51,109,8,370,73.36
14:10:53,107,10,373,82.44
14:10:55,106,1,710,43.00
14:10:57,86,5,82,49.06
14:10:59,106,6,701,66.89
14:11:01,88,8,406,67.91
14:11:03,73,2,36,30.47
14:11:05,81,3,508,43.18
14:11:07,70,7,42,53.70
14:11:09,69,10,340,71.40
14:11:11,94,5,648,58.10
14:11:13,86,3,285,41.90
14:11:15,57,10,348,68.14
14:11:17,104,4,477,54.04
14:11:19,104,10,528,83.46
14:11:21,88,3,588,46.10
14:11:23,63,5,639,49.31
14:11:25,96,3,85,42.30
17:11:25,101,6,342,61.18
17:11:28,105,3,582,50.78
17:11:30,111,6,724,68.57
17:11:32,65,6,243,49.92
17:11:34,85,9,74,67.89
17:11:36,99,2,781,46.69
17:11:38,115,0,613,39.56
17:11:40,101,8,69,67.51
17:11:42,81,10,508,76.78
17:11:44,90,7,555,65.46
17:15:34,59,2,651,33.93
17:15:36,65,9,359,65.71
17:15:39,109,6,256,62.39
17:15:41,90,10,441,78.49
17:15:43,104,6,303,61.56
17:15:45,111,5,354,59.33
17:15:47,70,8,308,61.70
17:15:49,104,6,66,58.71
17:15:51,79,4,385,45.94
17:15:53,94,8,517,70.92
17:15:55,110,7,386,69.03
17:15:57,97,4,637,54.00
17:15:59,85,10,609,79.11
17:16:01,65,1,714,31.57
17:16:03,106,7,33,63.68
17:16:05,55,3,126,31.31
17:16:07,64,3,657,40.20
17:16:09,107,2,610,46.88
17:16:11,88,1,334,33.45
17:16:13,97,4,495,52.30
17:16:15,114,9,410,80.04
17:16:17,74,0,255,23.78
17:16:19,105,1,360,38.52
17:16:22,70,9,557,69.48
17:16:24,93,9,107,70.52
17:16:26,106,4,236,51.71
17:16:28,100,5,176,54.11
17:16:30,60,6,149,47.39
17:16:32,114,5,352,60.14
17:16:34,105,6,87,59.24
17:16:36,78,1,274,29.93
17:16:38,56,0,742,24.58
17:16:40,81,2,635,39.90
17:16:42,110,5,506,60.87
17:16:44,72,0,440,25.44
17:16:46,100,6,708,65.30
17:16:48,60,4,667,44.00
17:16:50,68,3,210,35.96
17:16:52,59,4,193,38.04
17:16:54,66,5,194,44.81
17:16:56,62,8,206,58.23
17:16:58,57,7,299,53.15
17:17:00,63,1,224,25.13
17:17:02,57,0,515,22.14
17:17:04,71,9,254,66.13
17:17:06,95,6,200,57.80
17:17:08,100,4,628,54.74
17:17:10,61,1,98,23.06
17:17:12,82,7,445,61.90
17:17:14,95,9,212,72.34
17:17:16,59,0,269,19.75
17:17:18,59,0,256,19.59
17:17:20,114,10,392,84.62
17:17:22,107,3,598,51.54
17:17:24,80,5,743,55.32
17:17:26,96,7,522,66.74
17:17:28,74,1,673,33.60
17:17:30,74,6,96,50.67
17:17:32,71,7,619,60.91
17:17:34,82,8,63,62.12
17:17:36,108,9,191,75.73
17:17:38,68,10,72,67.90
17:17:40,90,6,125,55.50
17:17:42,86,0,471,29.73
17:17:44,72,1,135,26.58
17:17:46,55,1,7,20.28
17:17:48,83,0,338,27.30
17:17:50,93,6,184,57.05
17:17:52,74,7,291,57.81
17:17:54,61,0,281,20.45
17:17:56,57,9,384,63.77
17:17:58,92,1,332,34.54
17:18:00,113,9,255,77.90
17:18:02,70,5,159,45.51
17:18:04,84,6,426,57.43
17:18:06,66,5,400,47.28
17:18:08,85,3,403,43.04
17:18:10,76,5,637,52.92
17:18:12,71,7,54,54.13
17:18:14,70,6,791,57.89
17:18:16,61,6,710,54.40
17:18:18,92,1,12,30.70
17:18:20,100,2,592,44.70
17:18:22,85,2,492,39.30
17:18:24,106,4,128,50.42
17:18:26,81,8,99,62.27
17:18:28,94,1,127,32.64
17:18:30,92,2,289,38.83
17:18:32,80,2,654,39.85
17:18:34,62,3,297,35.32
17:18:36,115,8,406,75.47
17:18:38,66,5,305,46.14
17:18:40,58,2,208,28.34
17:18:42,81,1,736,36.31
17:18:44,113,9,298,78.42
17:18:46,113,5,336,59.67
17:18:48,103,2,652,46.26
17:18:50,102,4,104,49.01
17:18:52,90,5,146,50.95
17:18:54,113,10,651,87.45
17:18:56,106,5,341,57.77
17:18:58,114,3,707,54.80
17:19:00,112,7,347,69.12
17:19:02,88,1,771,38.69
17:19:04,80,7,297,59.56
17:19:06,71,2,154,31.33
17:19:08,91,1,276,33.59
17:19:10,93,4,631,52.81
17:19:12,96,4,149,47.87
17:19:14,102,1,294,36.89
17:19:16,73,2,706,38.51
17:19:18,57,9,495,65.10
17:19:20,63,3,382,36.62
17:19:22,78,3,222,38.90
17:19:24,115,9,620,82.84
17:19:26,56,9,590,65.96
17:19:28,64,8,624,63.81
17:19:30,108,5,407,59.12
17:19:32,61,10,786,74.51
17:19:34,58,5,446,45.59
17:19:36,78,1,349,30.83
17:19:38,105,0,243,32.32
17:19:40,104,4,487,54.16
17:19:42,107,4,706,57.63
17:19:44,62,0,688,25.62
17:19:46,78,4,70,41.88
17:19:48,104,2,751,47.73
17:19:51,92,3,61,40.89
17:19:53,55,0,320,19.24
17:19:55,101,10,215,78.86
17:19:57,99,2,273,40.60
17:19:59,92,8,705,72.62
17:20:01,103,4,712,56.58
17:20:03,108,2,308,43.54
17:20:05,81,4,715,50.46
17:20:07,72,4,556,46.03
17:20:09,78,2,5,31.50
17:20:11,71,7,282,56.86
17:20:13,93,2,674,43.73
17:20:15,96,4,797,55.64
17:20:17,85,3,582,45.18
17:20:19,64,9,438,66.38
17:20:21,81,8,602,68.30
17:20:23,92,0,9,25.87
17:20:25,62,8,718,64.38
17:20:27,62,1,467,27.76
17:20:29,106,4,686,57.11
17:20:31,73,0,288,23.90
17:20:33,56,0,507,21.76
17:20:35,56,2,519,31.51
17:20:37,99,7,93,62.44
17:20:39,74,4,9,40.03
17:20:41,113,2,712,49.78
17:20:43,105,1,708,42.70
17:20:45,99,1,370,36.96
17:20:47,57,6,215,47.34
17:20:49,62,8,776,65.07
17:20:51,95,5,449,55.99
17:20:53,68,10,166,69.03
17:20:55,99,8,70,66.96
17:20:57,115,7,463,71.36
17:20:59,90,2,60,35.52
17:21:01,99,6,224,59.21
17:21:03,77,2,138,32.82
17:21:05,95,9,661,77.73
17:21:07,100,4,515,53.38
17:21:09,72,6,651,56.77
17:21:11,112,7,607,72.24
17:21:13,66,4,787,47.12
17:21:15,67,0,436,23.99
17:21:17,92,5,468,55.38
17:21:19,66,2,64,28.85
17:21:21,88,5,506,54.71
17:21:23,69,7,610,60.24
17:21:25,109,10,100,79.72
17:21:27,93,2,784,45.05
17:21:29,84,10,524,77.81
17:21:31,69,1,74,25.01
17:21:33,109,5,792,64.02
17:21:35,108,2,732,48.62
17:21:37,80,8,340,64.88
17:21:39,68,6,665,55.82
17:21:41,108,3,688,52.90
17:21:43,100,4,283,50.60
17:21:45,109,7,481,69.89
17:21:47,106,10,76,78.59
17:21:49,82,8,544,67.89
17:21:51,115,10,784,89.61
17:21:53,72,3,360,38.88
17:21:55,105,5,426,58.51
17:21:57,60,7,459,55.91
17:21:59,114,7,490,71.40
17:22:01,107,5,266,57.15
17:22:03,103,7,17,62.64
17:22:05,85,0,266,26.99
17:22:07,78,0,638,29.50
17:22:09,88,6,181,55.61
17:22:11,88,6,656,61.31
17:22:13,69,5,269,46.55
17:22:15,66,8,733,65.68
17:22:17,85,4,766,52.19
17:22:19,64,2,323,31.40
17:22:21,94,0,403,31.16
17:22:23,74,6,361,53.85
17:22:25,110,1,145,37.34
17:22:27,65,5,680,50.36
17:22:29,111,1,278,39.22
17:22:31,91,7,433,64.28
17:22:34,57,5,272,43.22
17:22:36,91,3,365,44.26
17:22:38,101,6,391,61.77
17:22:40,109,2,759,49.23
17:22:42,113,7,529,71.59
17:22:44,102,7,154,64.01
17:22:46,63,5,441,46.93
17:22:48,88,8,670,71.08
17:22:50,58,6,362,49.38
17:22:52,89,1,442,35.02
17:22:54,105,0,776,38.71
17:22:56,71,3,487,40.12
17:22:58,72,9,651,71.17
17:23:00,89,6,418,58.74
17:23:02,105,2,749,47.99
17:23:04,109,1,446,40.67
17:23:06,79,4,414,46.29
17:23:08,114,0,101,33.13
17:23:10,64,8,179,58.47
17:23:12,77,6,372,54.82
17:23:14,79,0,161,24.05
17:23:16,102,8,118,68.38
17:23:18,73,2,265,33.22
17:23:20,82,3,647,45.12
17:23:22,57,1,599,27.95
17:23:24,112,4,502,56.58
17:23:26,67,5,174,44.85
17:23:28,65,0,71,19.05
17:23:30,67,3,244,36.09
17:23:32,94,3,629,48.27
17:23:34,90,0,7,25.28
17:23:36,78,7,125,56.94
17:23:38,62,7,2,50.98
17:23:40,101,9,619,78.91
17:23:42,61,1,508,27.98
17:23:44,73,2,339,34.11
17:23:46,59,10,252,67.54
17:23:48,80,3,717,45.40
17:23:50,72,3,39,35.03
17:23:52,114,9,495,81.06
17:23:54,61,0,626,24.59
17:23:56,73,9,424,68.73
17:23:58,114,7,161,67.45
17:24:00,95,9,291,73.29
17:24:02,106,7,592,70.38
17:24:04,78,6,789,60.11
17:24:06,63,2,284,30.65
17:24:08,62,7,678,59.10
17:24:10,70,1,44,24.93
17:24:12,98,7,583,68.04
17:24:14,104,2,506,44.79
17:24:16,86,4,72,44.14
17:24:18,94,9,94,70.65
17:24:20,86,8,494,68.41
17:24:22,79,10,686,78.35
17:24:24,62,5,94,42.49
17:24:26,60,10,673,72.88
17:24:28,87,10,75,73.26
17:24:30,79,3,114,37.89
17:24:32,95,6,411,60.33
17:24:34,106,10,605,84.94
17:24:36,70,1,186,26.63
17:24:38,92,3,788,49.62
17:24:40,67,9,565,68.74
17:24:42,99,9,500,76.92
17:24:44,105,6,42,58.70
17:24:46,96,2,346,40.63
17:24:48,90,0,59,25.91
17:24:50,77,8,221,62.61
17:24:52,86,4,306,46.95
17:24:54,94,0,400,31.12
17:24:56,67,7,360,56.68
17:24:58,91,8,381,68.45
17:25:00,59,8,93,56.04
17:25:02,62,9,623,68.04
17:25:04,67,3,734,41.97
17:25:06,64,3,208,34.82
17:25:08,78,10,280,73.20
17:25:10,59,4,212,38.26
17:25:12,85,4,795,52.54
17:25:14,59,6,198,47.70
17:25:16,72,4,575,46.26
17:25:18,74,3,624,42.61
17:25:20,59,0,287,19.96
17:25:22,72,9,225,66.06
17:25:24,84,0,246,26.47
17:25:26,68,6,675,55.94
17:25:28,105,10,146,79.15
17:25:30,110,4,143,51.72
17:25:32,85,5,288,51.26
17:25:35,104,8,293,71.04
17:25:37,76,10,78,70.22
17:25:39,79,9,236,68.15
17:25:41,70,4,122,40.26
17:25:43,78,6,400,55.44
17:25:45,68,0,325,22.94
17:25:47,72,9,546,69.91
17:25:49,63,2,197,29.60
17:25:51,111,5,698,63.46
17:25:53,85,9,307,70.68
17:25:55,109,3,345,49.06
17:25:57,103,0,402,33.66
17:25:59,90,7,159,60.71
17:26:01,71,1,573,31.56
17:26:03,114,2,778,50.86
17:26:05,67,2,226,31.07
17:26:07,105,6,524,64.49
17:26:09,80,6,337,55.24
17:26:11,84,6,634,59.93
17:26:13,97,9,516,76.55
17:26:15,93,5,178,52.18
17:26:17,97,1,3,32.00
17:26:19,59,3,695,39.26
17:26:21,71,7,413,58.44
17:26:23,65,7,700,60.20
17:26:25,65,8,319,60.43
17:26:27,83,8,204,64.09
17:26:29,110,6,109,60.91
17:26:31,64,10,459,71.43
17:26:33,65,3,470,38.24
17:26:35,109,10,116,79.91
17:26:37,79,10,680,78.28
17:26:39,96,6,115,57.06
17:26:41,99,1,189,34.79
17:26:43,76,2,799,40.47
17:26:45,70,6,444,53.73
17:26:47,67,1,718,32.18
17:26:49,86,1,612,36.22
17:26:51,62,9,264,63.73
17:26:53,86,7,739,66.55
17:26:55,92,2,566,42.15
17:26:57,86,9,586,74.31
17:26:59,63,2,195,29.58
17:27:01,98,0,88,28.50
17:27:03,75,6,716,58.39
17:27:05,78,3,784,45.65
17:27:07,57,7,31,49.93
17:27:09,77,5,461,51.09
17:27:11,77,1,660,34.28
17:27:13,77,0,193,23.88
17:27:15,55,8,724,62.49
17:27:17,83,1,204,30.49
17:27:19,96,1,162,33.62
17:27:21,75,3,373,39.88
17:27:23,97,0,688,35.42
17:27:25,106,9,254,75.93
17:27:27,91,6,296,57.83
17:27:29,109,10,77,79.44
17:27:31,55,5,356,43.67
17:27:33,96,3,631,48.85
17:27:35,95,0,610,33.92
17:27:37,108,7,477,69.56
17:27:39,59,7,746,59.07
17:27:41,89,9,209,70.63
17:27:43,56,2,467,30.88
17:27:45,58,8,281,58.01
17:27:47,81,3,264,40.25
17:27:49,112,6,321,64.01
17:27:51,95,8,187,67.24
17:27:53,89,3,799,48.91
17:27:55,61,5,29,41.43
17:27:57,108,3,190,46.92
17:27:59,93,5,458,55.54
17:28:01,93,1,257,33.92
17:28:03,109,2,794,49.65
17:28:05,55,1,265,23.38
17:28:07,72,1,82,25.94
17:28:09,73,6,24,49.53
17:28:11,79,7,580,62.68
17:28:13,108,10,598,85.42
17:28:15,64,8,534,62.73
17:28:17,62,7,161,52.89
17:28:19,76,8,466,65.27
17:28:21,68,7,741,61.53
17:28:23,79,8,705,68.98
17:28:25,60,7,571,57.25
17:28:27,94,9,603,76.76
17:28:29,59,3,297,34.48
17:28:32,81,2,59,32.99
17:28:34,107,10,435,83.18
17:28:36,95,3,763,50.16
17:28:38,90,6,595,61.14
17:28:40,92,5,633,57.36
17:28:42,86,1,80,29.84
17:28:44,113,6,313,64.20
17:28:46,103,6,276,60.95
17:28:48,84,5,561,54.25
17:28:50,60,7,739,59.27
17:28:52,59,6,704,53.77
17:28:54,64,10,652,73.74
17:28:56,55,2,761,34.13
17:28:58,88,4,211,46.37
17:29:00,88,1,587,36.48
17:29:02,61,0,193,19.40
17:29:04,65,8,635,64.22
17:29:06,95,1,478,37.14
17:29:08,91,3,315,43.66
17:29:10,71,10,599,75.07
17:29:12,58,4,435,40.66
17:29:14,79,0,380,26.68
17:29:16,111,3,292,48.98
17:29:18,79,4,715,49.90
17:29:20,58,10,509,70.35
17:29:22,101,5,610,59.60
17:29:24,110,7,725,73.10
17:29:26,96,1,405,36.54
17:29:28,90,5,1,49.21
17:29:30,59,3,359,35.23
17:29:32,55,8,445,59.14
17:29:34,89,3,144,41.05
17:29:36,96,2,313,40.24
17:29:38,107,6,593,65.88
17:29:40,78,0,71,22.69
17:29:42,87,3,240,41.64
17:29:44,67,3,227,35.88
17:29:46,107,8,776,77.67
17:29:48,104,3,709,52.03
17:29:50,68,5,206,45.51
17:29:52,87,0,720,33.00
17:29:54,109,5,529,60.87
17:29:56,77,9,172,66.82
17:29:58,94,10,282,77.70
17:30:00,81,4,197,44.24
17:30:02,65,5,145,43.94
17:30:04,62,10,582,72.34
17:30:06,82,1,81,28.73
17:30:08,85,7,239,60.27
17:30:10,68,8,562,64.18
17:30:12,84,0,373,28.00
17:30:14,61,8,323,59.36
17:30:16,90,3,504,45.65
17:30:18,68,6,663,55.80
17:30:20,74,4,499,45.91
17:30:22,77,2,14,31.33
17:30:24,88,6,730,62.20
17:30:26,99,6,746,65.47
17:30:28,78,9,280,68.40
17:30:30,107,9,100,74.36
17:30:32,57,0,471,21.61
17:30:34,58,4,689,43.71
17:30:36,112,3,110,47.08
17:30:38,111,1,215,38.46
17:30:40,93,7,234,62.45
17:30:42,89,2,545,41.06
17:30:44,83,3,73,38.52
17:30:46,77,5,57,46.24
17:30:48,59,7,232,52.90
17:30:50,67,10,555,73.42
17:30:52,61,0,575,23.98
17:30:54,73,4,168,41.66
17:30:56,90,7,616,66.19
17:30:58,105,0,467,35.00
17:31:00,104,0,209,31.63
17:31:02,91,10,447,78.84
17:31:04,88,10,761,81.77
17:31:06,83,6,646,59.79
17:31:08,100,2,637,45.24
17:31:10,113,3,297,49.60
17:31:12,86,3,153,40.32
17:31:14,92,3,695,48.50
17:31:16,110,4,560,56.72
17:31:18,98,4,23,46.92
17:31:20,58,7,461,55.37
17:31:22,79,7,637,63.36
17:31:24,90,10,529,79.55
17:31:26,113,1,125,37.94
17:31:28,70,0,56,20.27
17:31:30,86,4,783,52.68
17:31:32,97,6,583,62.96
17:31:34,115,10,413,85.16
17:31:36,98,4,318,50.46
17:31:38,70,6,440,53.68
17:31:40,70,6,180,50.56
17:31:43,106,9,484,78.69
17:31:45,56,3,170,32.12
17:31:47,93,7,78,60.58
17:31:49,102,6,461,62.89
17:31:51,86,4,423,48.36
17:31:53,101,3,251,45.69
17:31:55,85,6,175,54.70
17:31:57,83,5,341,51.33
17:31:59,108,1,526,41.35
17:32:01,57,5,63,40.72
17:32:03,80,5,725,55.10
17:32:05,88,5,243,51.56
17:32:07,73,10,58,69.14
17:32:09,56,1,396,25.23
17:32:11,108,4,178,51.58
17:32:13,96,10,518,81.10
17:32:15,63,8,722,64.70
17:32:17,67,10,279,70.11
17:32:19,78,4,273,44.32
17:32:21,106,8,372,72.54
17:32:23,114,6,270,63.96
17:32:25,105,7,598,70.18
17:32:27,65,2,437,33.04
17:32:29,83,10,517,77.44
17:32:31,89,5,76,49.83
17:32:33,90,10,325,77.10
17:32:35,61,6,371,50.33
17:32:37,56,1,268,23.70
17:32:39,87,3,795,48.30
17:32:41,102,4,753,56.80
17:32:43,111,8,137,71.12
17:32:45,113,1,473,42.12
17:32:47,87,10,178,74.50
17:32:49,69,1,107,25.40
17:32:51,109,2,749,49.11
17:32:53,115,2,340,45.88
17:32:55,104,8,425,72.62
17:32:57,115,4,678,59.54
17:32:59,64,5,514,48.09
17:33:01,68,8,10,57.56
17:33:03,102,0,412,33.50
17:33:05,96,3,590,48.36
17:33:07,68,1,67,24.64
17:33:09,83,1,218,30.66
17:33:11,102,5,422,57.62
17:33:13,65,5,564,48.97
17:33:15,85,8,117,63.60
17:33:17,86,5,29,48.43
17:33:19,109,0,450,35.92
17:33:21,96,2,55,37.14
17:33:23,92,3,582,47.14
17:33:25,92,3,739,49.03
17:33:27,100,8,532,72.78
17:33:29,105,4,122,50.06
17:33:31,72,7,786,63.19
17:33:33,64,5,351,46.13
17:33:35,103,6,348,61.82
17:33:37,94,1,559,37.83
17:33:39,91,7,353,63.32
17:33:41,85,8,151,64.01
17:33:43,98,10,56,76.11
17:33:45,81,1,528,33.82
17:33:47,75,0,601,28.21
17:33:49,84,3,664,45.89
17:33:51,109,10,266,81.71
17:33:53,102,7,555,68.82
17:33:55,78,10,760,78.96
17:33:57,99,0,100,28.92
17:33:59,63,8,329,59.99
17:34:01,76,1,300,29.68
17:34:03,85,1,572,35.46
17:34:05,76,8,474,65.37
17:34:07,83,2,93,33.96
17:34:09,59,3,234,33.73
17:34:11,90,8,485,69.42
17:34:13,87,8,5,62.82
17:34:15,81,5,470,52.32
17:34:17,115,10,24,80.49
17:34:19,76,1,421,31.13
17:34:21,107,2,516,45.75
17:34:23,108,5,214,56.81
17:34:25,62,4,757,45.64
17:34:27,110,1,574,42.49
17:34:29,103,3,663,51.20
17:34:31,100,2,737,46.44
17:34:33,109,10,405,83.38
17:34:35,115,5,0,56.20
17:34:37,97,8,194,67.89
17:34:39,103,2,7,38.52
17:34:41,76,2,212,33.42
17:34:43,97,9,98,71.54
17:34:45,71,9,460,68.60
17:34:48,112,3,285,49.18
17:34:50,84,2,321,36.97
17:34:52,112,4,792,60.06
17:34:54,90,2,494,40.73
17:34:56,89,3,355,43.58
17:34:58,113,1,187,38.68
17:35:00,111,8,16,69.67
17:35:02,91,5,647,57.24
17:35:04,69,0,391,24.01
17:35:06,64,1,436,27.95
17:35:08,92,2,129,36.91
17:35:10,102,2,254,41.21
17:35:12,55,3,140,31.48
17:35:14,60,7,477,56.12
17:35:16,74,7,92,55.42
17:35:18,81,2,2,32.30
17:35:20,55,2,98,26.18
17:35:22,115,10,59,80.91
17:35:24,96,3,138,42.94
17:35:26,98,8,203,68.28
17:35:28,101,1,493,39.00
17:35:30,100,10,770,85.24
17:35:32,58,2,510,31.96
17:35:34,84,6,75,53.22
17:35:36,90,5,601,56.41
17:35:38,110,4,225,52.70
17:35:40,83,8,258,64.74
17:35:42,97,8,119,66.99
17:35:44,113,7,761,74.37
17:35:46,105,8,305,71.46
17:35:48,70,2,348,33.38
17:35:50,56,9,41,59.37
17:35:52,95,4,778,55.14
17:35:54,92,4,260,48.08
17:35:56,82,9,28,66.50
17:35:58,100,3,62,43.14
17:36:00,107,8,128,69.90
17:36:02,75,0,445,26.34
17:36:04,84,1,725,37.02
17:36:06,113,0,630,39.20
17:36:08,69,2,465,34.50
17:36:10,72,1,541,31.45
17:36:12,66,7,226,54.79
17:36:14,73,4,179,41.79
17:36:16,77,7,469,60.79
17:36:18,108,9,98,74.62
17:36:20,98,3,105,43.10
17:36:22,79,6,206,53.39
17:36:24,105,10,69,78.23
17:36:26,74,1,390,30.20
17:36:28,103,9,344,76.17
17:36:30,62,5,330,45.32
17:36:32,112,6,167,62.16
17:36:34,101,0,28,28.62
17:36:36,77,8,592,67.06
17:36:38,115,5,661,64.13
17:36:40,106,10,244,80.61
17:36:42,86,5,773,57.36
17:36:44,56,5,604,46.93
17:36:46,72,4,169,41.39
17:36:48,94,5,289,53.79
17:36:50,79,8,521,66.77
17:36:52,57,1,600,27.96
17:36:54,74,6,191,51.81
17:36:56,85,8,618,69.62
17:36:58,91,7,380,63.64
17:37:00,106,8,627,75.60
17:37:02,68,4,52,38.86
17:37:04,108,7,602,71.06
17:37:06,99,6,18,56.74
17:37:08,105,10,25,77.70
17:37:10,104,3,219,46.15
17:37:12,77,2,20,31.40
17:37:14,91,9,327,72.60
17:37:16,56,9,497,64.84
17:37:18,109,6,295,62.86
17:37:20,93,1,599,38.03
17:37:22,78,0,614,29.21
17:37:24,63,10,417,70.64
17:37:26,88,1,288,32.90
17:37:28,106,10,128,79.22
17:37:30,106,5,448,59.06
17:37:32,58,8,788,64.10
17:37:34,73,3,729,43.59
17:37:36,98,1,467,37.84
17:37:38,82,6,355,56.02
17:37:40,68,4,574,45.13
17:37:42,60,2,2,26.42
17:37:44,62,2,302,30.58
17:37:46,61,6,218,48.50
17:37:48,63,9,524,67.13
17:37:50,103,5,427,57.96
17:37:52,107,3,574,51.25
17:37:54,114,3,425,51.42
17:37:56,95,10,764,83.77
17:37:59,110,3,438,50.46
17:38:01,82,9,647,73.92
17:38:03,56,8,429,59.23
17:38:05,64,8,76,57.23
17:38:07,91,1,516,36.47
17:38:09,56,9,337,62.92
17:38:11,66,7,645,59.82
17:38:13,94,1,721,39.77
17:38:15,82,10,138,72.62
17:38:17,62,4,531,42.93
17:38:19,71,7,139,55.15
17:38:21,102,4,365,52.14
17:38:23,83,2,401,37.65
17:38:25,84,0,146,25.27
17:38:27,68,1,554,30.49
17:38:29,56,10,34,64.09
17:38:31,86,2,420,38.72
17:38:33,113,5,784,65.05
17:38:35,67,9,747,70.92
17:38:37,64,0,208,20.42
17:38:39,63,3,370,36.48
17:38:41,113,10,0,79.64
17:38:43,112,0,532,37.74
17:38:45,76,0,400,26.08
17:38:47,57,9,372,63.62
17:38:49,109,7,442,69.42
17:38:51,56,3,514,36.25
17:38:53,92,5,432,54.94
17:38:55,93,7,159,61.55
17:38:57,114,10,706,88.39
17:38:59,67,0,190,21.04
17:39:01,85,10,695,80.14
17:39:03,81,1,92,28.58
17:39:05,109,0,683,38.72
17:39:07,108,7,365,68.22
17:39:09,58,4,106,36.71
17:39:11,95,5,759,59.71
17:39:13,105,9,163,74.56
17:39:15,87,1,635,36.78
17:39:17,88,2,598,41.42
17:39:19,104,6,117,59.32
17:39:21,59,1,336,25.35
17:39:23,92,4,333,48.96
17:39:25,78,8,711,68.77
17:39:27,106,6,26,58.79
17:39:29,78,0,142,23.54
17:39:31,59,0,375,21.02
17:39:33,71,8,512,64.42
17:39:35,79,8,603,67.76
17:39:37,88,2,643,41.96
17:39:39,115,10,663,88.16
17:39:41,73,8,344,62.97
17:39:43,87,3,288,42.22
17:39:45,71,1,342,28.78
17:39:47,87,4,503,49.60
17:39:49,100,8,626,73.91
17:39:51,68,3,443,38.76
17:39:53,93,7,381,64.21
17:39:55,72,10,144,69.89
17:39:57,102,1,463,38.92
17:39:59,96,2,420,41.52
17:40:01,115,0,794,41.73
17:40:03,76,3,767,44.88
17:40:05,102,2,776,47.47
17:40:07,60,7,35,50.82
17:40:09,63,8,68,56.86
17:40:11,58,2,211,28.37
17:40:13,113,0,710,40.16
17:40:15,84,3,178,40.06
17:40:17,72,7,763,62.92
17:40:19,85,8,243,65.12
17:40:21,90,9,476,74.11
17:40:23,87,1,168,31.18
17:40:25,60,0,465,22.38
17:40:27,99,7,131,62.89
17:40:29,103,3,273,46.52
17:40:31,115,9,271,78.65
17:40:33,73,9,573,70.52
17:40:35,95,2,609,43.51
17:40:37,107,1,721,43.41
17:40:39,57,4,142,36.86
17:40:41,78,0,703,30.28
17:40:43,56,7,351,53.49
17:40:45,96,10,234,77.69
17:40:47,103,3,413,48.20
17:40:49,74,5,685,52.94
17:40:51,70,2,99,30.39
17:40:53,94,0,467,31.92
17:40:55,104,1,727,42.64
17:40:57,80,9,535,72.02
17:40:59,109,4,214,52.29
17:41:01,106,10,540,84.16
17:41:03,85,4,481,48.77
17:41:07,62,5,45,41.90
17:41:09,107,6,489,64.63
17:41:11,60,1,738,30.46
17:41:13,59,1,92,22.42
17:41:15,89,5,717,57.52
17:41:17,91,7,738,67.94
17:41:20,84,1,412,33.26
17:41:22,89,4,550,50.72
17:41:24,104,1,380,38.48
17:41:26,100,4,52,47.82
17:41:28,111,4,274,53.57
17:41:30,86,1,236,31.71
17:41:32,87,9,759,76.67
17:41:34,115,5,774,65.49
17:41:36,76,9,91,65.57
17:41:38,99,9,617,78.32
17:41:40,84,9,694,75.05
17:41:42,57,6,218,47.38
17:41:44,74,0,9,20.83
17:41:46,63,9,520,67.08
17:41:48,74,6,780,58.88
17:41:50,68,3,471,39.09
17:41:52,112,6,384,64.77
17:41:54,110,8,788,78.66
17:41:56,85,1,510,34.72
17:41:58,55,1,41,20.69
17:42:00,62,9,326,64.47
17:42:02,65,7,448,57.18
17:42:04,112,8,120,71.20
17:42:06,83,0,299,26.83
17:42:08,93,0,507,32.12
17:42:10,94,7,63,60.68
17:42:12,68,10,31,67.41
17:42:14,55,1,352,24.42
17:42:16,93,5,221,52.69
17:42:18,95,10,425,79.70
17:42:20,108,7,484,69.65
17:42:22,68,7,150,54.44
17:42:24,86,0,289,27.55
17:42:26,61,0,777,26.40
17:42:28,84,6,92,53.42
17:42:30,65,7,155,53.66
17:42:32,96,3,421,46.33
17:42:34,59,1,579,28.27
17:42:36,108,9,548,80.02
17:42:38,84,8,599,69.11
17:42:40,68,8,75,58.34
17:42:42,74,0,14,20.89
17:42:44,112,5,504,61.41
17:42:46,76,9,742,73.38
17:42:48,95,3,780,50.36
17:42:50,113,0,187,33.88
17:42:52,103,4,193,50.36
17:42:54,107,3,565,51.14
17:42:56,110,9,524,80.29
17:42:58,95,7,567,67.00
17:43:00,112,4,731,59.33
17:43:02,79,1,693,35.24
17:43:04,96,5,540,57.36
17:43:06,74,5,741,53.61
17:43:08,86,9,756,76.35
17:43:10,57,6,419,49.79
17:43:12,59,3,459,36.43
17:43:14,108,5,529,60.59
17:43:16,82,5,148,48.74
17:43:18,106,1,242,37.38
17:43:20,72,7,527,60.08
17:43:22,85,0,415,28.78
17:43:24,94,2,371,40.37
17:43:26,64,2,96,28.67
17:43:28,79,9,38,65.78
17:43:30,106,7,518,69.50
17:43:32,98,1,27,32.56
17:43:34,76,7,451,60.29
17:43:36,76,7,636,62.51
17:43:38,106,3,12,44.22
17:43:40,58,10,458,69.74
17:43:42,99,5,589,58.79
17:43:44,76,4,379,45.03
17:43:46,60,3,78,32.14
17:43:48,97,1,480,37.72
17:43:50,108,8,693,76.96
17:43:52,88,10,104,73.89
17:43:54,75,3,336,39.43
17:43:56,99,9,314,74.69
17:43:58,63,4,558,43.54
17:44:00,100,10,28,76.34
17:44:02,77,0,469,27.19
17:44:04,87,1,12,29.30
17:44:06,61,0,769,26.31
17:44:08,115,8,159,72.51
17:44:10,57,0,110,17.28
17:44:12,108,4,186,51.67
17:44:14,84,4,508,48.82
17:44:16,95,6,263,58.56
17:44:18,107,0,447,35.32
17:44:20,84,3,217,40.52
17:44:22,90,4,719,53.03
17:44:24,108,5,25,54.54
17:44:26,64,3,237,35.16
17:44:28,87,3,587,45.80
17:44:30,115,7,55,66.46
17:44:33,78,7,473,61.12
17:44:35,95,7,363,64.56
17:44:37,72,9,397,68.12
17:44:39,57,9,615,66.54
17:44:41,64,3,267,35.52
17:44:43,80,3,305,40.46
17:44:45,88,1,94,30.57
17:44:47,60,1,590,28.68
17:44:49,72,1,181,27.13
17:44:51,114,7,643,73.24
17:44:53,101,9,639,79.15
17:44:55,63,7,202,53.66
17:44:57,66,5,484,48.29
17:44:59,105,9,2,72.62
17:45:01,94,8,152,66.54
17:45:03,74,9,81,64.89
17:45:05,62,7,230,53.72
17:45:07,94,1,535,37.54
17:45:09,85,0,23,24.08
17:45:11,104,9,92,73.42
17:45:13,94,1,431,36.29
17:45:15,72,6,252,51.98
17:45:17,70,8,58,58.70
17:45:19,76,4,24,40.77
17:45:21,114,2,83,42.52
17:45:23,105,0,382,33.98
17:45:25,111,9,182,76.46
17:45:27,75,10,264,72.17
17:45:29,102,0,627,36.08
17:45:31,56,6,632,52.06
17:45:33,93,6,483,60.64
17:45:35,78,3,531,42.61
17:45:37,106,0,499,35.67
17:45:39,60,6,139,47.27
17:45:41,78,1,4,26.69
17:45:43,84,1,569,35.15
17:45:45,89,2,105,35.78
17:45:47,56,6,415,49.46
17:45:49,78,0,395,26.58
17:45:51,60,2,392,31.10
17:45:53,91,1,152,32.10
17:45:55,82,6,588,58.82
17:45:57,81,6,598,58.66
17:45:59,61,1,615,29.26
17:46:01,94,2,467,41.52
17:46:03,87,9,303,71.20
17:46:05,61,10,663,73.04
17:46:07,113,1,282,39.82
17:46:09,65,1,131,24.57
17:46:11,88,7,453,63.68
17:46:13,68,1,575,30.74
17:46:15,96,4,311,49.81
17:46:17,110,4,695,58.34
17:46:19,93,4,643,52.96
17:46:21,62,7,413,55.92
17:46:23,98,5,502,57.46
17:46:25,75,3,91,36.49
17:46:27,72,6,270,52.20
17:46:29,106,1,119,35.91
17:46:31,108,7,128,65.38
17:46:33,107,2,490,45.44
17:46:35,88,6,246,56.39
17:46:37,94,1,83,32.12
17:46:39,99,7,748,70.30
17:46:41,95,10,420,79.64
17:46:43,92,10,529,80.11
17:46:45,71,9,273,66.36
17:46:47,79,4,229,44.07
17:46:49,101,4,716,56.07
17:46:51,100,3,292,45.90
17:46:53,55,0,631,22.97
17:46:55,112,2,404,45.81
17:46:57,66,0,179,20.63
17:46:59,75,4,373,44.68
17:47:01,89,9,156,69.99
17:47:03,107,3,241,47.25
17:47:05,104,5,169,55.15
17:47:07,88,1,334,33.45
17:47:09,75,9,110,65.52
17:47:11,108,1,439,40.31
17:47:13,112,2,466,46.55
17:47:15,109,8,257,72.00
17:47:17,114,2,322,45.38
17:47:20,87,2,356,38.23
17:47:22,107,10,532,84.34
17:47:24,72,1,191,27.25
17:47:26,65,10,496,72.15
17:47:28,65,5,307,45.88
17:47:30,111,2,375,45.18
17:47:32,80,9,401,70.41
17:47:34,60,1,183,23.80
17:47:36,71,2,75,30.38
17:47:38,73,3,31,35.21
17:47:40,84,3,733,46.72
17:47:42,78,2,43,31.96
17:47:44,82,0,318,26.78
17:47:46,61,1,309,25.59
17:47:48,107,7,184,65.77
17:47:50,110,6,793,69.12
17:47:52,88,8,435,68.26
17:47:54,112,9,641,82.25
17:47:56,87,1,56,29.83
17:47:58,84,9,0,66.72
17:48:00,86,10,552,78.70
17:48:02,59,1,344,25.45
17:48:04,112,2,615,48.34
17:48:06,78,6,146,52.39
17:48:08,93,9,35,69.66
17:48:10,108,6,366,63.43
17:48:12,58,8,83,55.64
17:48:14,58,9,765,68.62
17:48:16,69,8,626,65.23
17:48:18,64,7,561,58.25
17:48:20,92,8,232,66.94
17:48:22,68,4,289,41.71
17:48:24,108,9,795,82.98
17:48:26,115,4,180,53.56
17:48:28,55,9,680,66.76
17:48:30,75,9,785,73.62
17:48:32,56,7,37,49.72
17:48:34,106,6,148,60.26
17:48:36,112,8,486,75.59
17:48:38,103,9,271,75.29
17:48:40,62,5,785,50.78
17:48:42,103,5,780,62.20
17:48:44,87,9,629,75.11
17:48:46,89,9,39,68.59
17:48:48,57,1,219,23.39
17:48:50,83,7,307,60.52
17:48:52,96,5,759,59.99
17:48:54,97,0,518,33.38
17:48:56,98,0,661,35.37
17:48:58,111,0,761,40.21
17:49:00,60,10,323,68.68
17:49:02,55,7,308,52.70
17:49:04,62,4,118,37.98
17:49:06,90,3,502,45.62
17:49:08,57,7,590,56.64
17:49:10,67,10,171,68.81
17:49:12,68,10,661,74.97
17:49:14,58,9,679,67.59
17:49:16,88,6,373,57.92
17:49:18,74,9,166,65.91
17:49:20,55,9,539,65.07
17:49:22,79,10,413,75.08
17:49:24,62,4,754,45.61
17:49:26,61,3,653,39.32
17:49:28,106,7,579,70.23
17:49:30,99,0,772,36.98
17:49:32,96,1,764,40.85
17:49:34,68,4,615,45.62
17:49:36,97,5,186,53.39
17:49:38,79,6,106,52.19
17:49:40,73,3,188,37.10
17:49:42,113,1,566,43.23
17:49:44,73,0,798,30.02
17:49:46,86,8,735,71.30
17:49:48,71,10,67,68.68
17:49:50,99,2,756,46.39
17:49:52,95,2,23,36.48
17:49:54,97,2,614,44.13
17:49:56,86,6,12,53.02
17:49:58,101,5,714,60.85
17:50:00,68,4,761,47.37
17:50:02,65,2,635,35.42
17:50:04,93,8,69,65.27
17:50:06,82,1,502,33.78
17:50:08,56,9,7,58.96
17:50:10,89,2,727,43.24
17:50:12,83,0,592,30.34
17:50:15,82,9,524,72.45
17:50:17,87,4,461,49.09
17:50:19,55,9,788,68.06
17:50:21,70,9,576,69.71
17:50:23,115,4,341,55.49
17:50:25,78,6,681,58.81
17:50:27,88,8,683,71.24
17:50:29,68,4,702,46.66
17:50:31,67,4,202,40.38
17:50:33,81,2,461,37.81
17:50:35,85,10,189,74.07
17:50:37,93,5,285,53.46
17:50:39,69,7,738,61.78
17:50:41,64,8,216,58.91
17:50:43,88,7,16,58.43
17:50:45,63,10,286,69.07
17:50:47,76,7,336,58.91
17:50:49,99,5,462,57.26
17:50:51,81,9,570,72.72
17:50:53,115,8,379,75.15
17:50:55,81,0,23,22.96
17:50:57,94,6,28,55.46
17:50:59,97,2,236,39.59
17:51:01,73,9,21,63.89
17:51:03,112,3,713,54.32
17:51:05,99,8,385,70.74
17:51:07,93,8,224,67.13
17:51:09,84,4,186,44.95
17:51:11,81,6,48,52.06
17:51:13,98,2,583,44.04
17:51:15,64,2,244,30.45
17:51:17,76,8,525,65.98
17:51:19,95,0,770,35.84
17:51:21,87,4,319,47.39
17:51:23,71,3,277,37.60
17:51:25,96,4,614,53.45
17:51:27,56,8,21,54.33
17:51:29,81,8,428,66.22
17:51:31,84,8,751,70.93
17:51:33,77,9,92,65.86
17:51:35,110,1,729,44.35
17:51:37,91,0,636,33.11
17:51:39,105,2,118,40.42
17:51:41,100,10,644,83.73
17:51:43,92,4,509,51.07
17:51:45,80,7,346,60.15
17:51:47,89,0,372,29.38
17:51:49,88,7,791,67.73
17:51:51,95,1,697,39.76
17:51:53,63,2,524,33.53
17:51:55,93,10,484,79.85
17:51:57,98,8,219,68.47
17:51:59,99,8,625,73.62
17:52:01,59,5,417,45.52
17:52:03,74,7,29,54.67
17:52:05,82,6,661,59.69
17:52:07,69,3,756,42.79
17:52:09,76,5,711,53.81
17:52:11,113,6,106,61.71
17:52:13,57,6,703,53.20
17:52:15,58,3,666,38.63
17:52:17,100,2,1,37.61
17:52:19,64,10,47,66.48
17:52:21,60,6,276,48.91
17:52:23,82,7,426,61.67
17:52:25,62,2,480,32.72
17:52:27,95,2,255,39.26
17:52:29,103,9,565,78.82
17:52:31,74,1,103,26.76
17:52:33,114,10,10,80.04
17:52:35,86,10,441,77.37
17:52:37,95,10,355,78.86
17:52:39,58,4,331,39.41
17:52:41,106,6,107,59.76
17:52:43,75,4,116,41.59
17:52:45,59,5,154,42.37
17:52:47,102,5,609,59.87
17:52:49,91,1,428,35.42
17:52:51,92,5,421,54.81
17:52:53,62,3,297,35.32
17:52:55,99,9,396,75.67
17:52:57,62,0,764,26.53
17:52:59,72,7,193,56.08
17:53:01,78,10,200,72.24
17:53:03,66,2,242,30.98
17:53:05,110,1,520,41.84
17:53:07,86,0,604,31.33
17:53:09,102,5,163,54.52
17:53:11,74,7,478,60.06
17:53:13,90,4,362,48.74
17:53:15,107,2,766,48.75
17:53:17,84,4,780,52.08
17:53:20,84,5,361,51.85
17:53:22,106,0,410,34.60
17:53:24,79,3,670,44.56
17:53:26,71,0,215,22.46
17:53:28,71,6,241,51.57
17:53:30,104,2,10,38.84
17:53:32,64,5,280,45.28
17:53:34,112,4,172,52.62
17:53:36,101,6,490,62.96
17:53:38,59,4,48,36.30
17:53:40,61,3,658,39.38
17:53:42,103,3,679,51.39
17:53:44,103,10,688,85.10
17:53:46,102,0,213,31.12
17:53:48,101,4,399,52.27
17:53:50,114,10,737,88.76
17:53:52,83,8,652,69.46
17:53:54,109,3,502,50.94
17:53:56,73,9,2,63.66
17:53:58,67,4,302,41.58
17:54:00,101,7,639,69.55
17:54:02,108,8,263,71.80
17:54:04,112,4,119,51.99
17:54:06,69,9,24,62.81
17:54:08,74,2,15,30.50
17:54:10,55,7,581,55.97
17:54:12,106,2,760,48.40
17:54:14,56,9,447,64.24
17:54:16,97,9,542,76.86
17:54:18,59,8,719,63.55
17:54:20,83,5,119,48.67
17:54:22,109,6,779,68.67
17:54:24,111,3,569,52.31
17:54:26,112,0,739,40.23
17:54:28,95,2,183,38.40
17:54:30,61,10,361,69.41
17:54:32,104,9,134,73.93
17:54:34,80,10,546,76.95
17:54:36,73,4,123,41.12
17:54:38,68,10,170,69.08
17:54:40,57,10,60,64.68
17:54:42,106,4,108,50.18
17:54:44,73,2,47,30.60
17:54:46,99,4,217,49.52
17:54:48,62,1,541,28.65
17:54:50,96,7,25,60.78
17:54:52,106,0,132,31.26
17:54:54,107,10,724,86.65
17:54:56,104,7,647,70.48
17:54:58,56,2,745,34.22
17:55:00,88,9,449,73.23
17:55:02,72,8,56,59.23
17:55:04,98,8,194,68.17
17:55:06,65,5,171,44.25
17:55:08,98,4,591,53.73
17:55:10,76,4,87,41.52
17:55:12,84,4,204,45.17
17:55:14,76,0,423,26.36
17:55:16,73,6,494,55.17
17:55:18,93,4,427,50.36
17:55:20,85,6,557,59.28
17:55:22,99,0,624,35.21
17:55:24,86,2,581,40.65
17:55:26,110,6,792,69.10
17:55:28,60,3,798,40.78
17:55:30,59,10,300,68.12
17:55:32,80,1,607,34.48
17:55:34,112,0,166,33.35
17:55:36,103,3,137,44.88
17:55:38,87,4,553,50.20
17:55:40,82,3,724,46.05
17:55:42,93,5,555,56.70
17:55:44,69,7,187,55.16
17:55:46,88,5,757,57.72
17:55:48,80,6,570,58.04
17:55:50,60,10,420,69.84
17:55:52,61,0,443,22.40
17:55:54,65,6,468,52.62
17:55:56,98,2,746,45.99
17:55:58,87,1,4,29.21
17:56:00,97,10,427,80.28
17:56:02,109,6,606,66.59
17:56:04,74,3,18,35.34
17:56:06,102,4,477,53.48
17:56:08,105,0,638,37.06
17:56:10,67,6,571,54.41
17:56:12,67,0,753,27.80
17:56:14,100,2,771,46.85
17:56:16,78,0,656,29.71
17:56:18,70,5,74,44.49
17:56:20,78,6,591,57.73
17:56:22,61,5,27,41.40
17:56:24,80,7,341,60.09
17:56:26,71,10,327,71.80
17:56:28,97,10,632,82.74
17:56:30,76,8,373,64.16
17:56:33,92,10,794,83.29
17:56:35,96,10,610,82.20
17:56:37,98,0,116,28.83
17:56:39,88,1,726,38.15
17:56:41,71,4,684,47.29
17:56:43,83,0,187,25.48
17:56:45,65,5,369,46.63
17:56:47,108,3,266,47.83
17:56:49,103,4,178,50.18
17:56:51,76,9,412,69.42
17:56:53,59,7,161,52.05
17:56:55,85,8,616,69.59
17:56:57,80,7,23,56.28
17:56:59,86,9,221,69.93
17:57:01,72,1,620,32.40
17:57:03,72,8,259,61.67
17:57:05,111,1,582,42.86
17:57:07,70,7,572,60.06
17:57:09,102,0,645,36.30
17:57:11,87,5,374,52.85
17:57:13,89,2,595,41.66
17:57:15,115,4,329,55.35
17:57:17,81,0,339,26.75
17:57:19,99,10,293,79.24
17:57:21,97,8,44,66.09
17:57:23,96,10,457,80.36
17:57:25,63,10,767,74.84
17:57:27,93,9,34,69.65
17:57:29,81,9,482,71.66
17:57:31,87,0,545,30.90
17:57:33,78,1,520,32.88
17:57:35,84,3,733,46.72
17:57:37,78,3,774,45.53
17:57:39,68,6,502,53.86
17:57:41,95,9,601,77.01
17:57:43,63,1,168,24.46
17:57:45,62,7,531,57.33
17:57:47,97,1,561,38.69
17:57:49,93,8,458,69.94
17:57:51,91,4,219,47.31
17:57:53,97,1,37,32.40
17:57:55,108,1,158,36.94
17:57:57,102,1,103,34.60
17:57:59,69,1,136,25.75
17:58:01,96,5,757,59.96
17:58:03,111,5,626,62.59
17:58:05,111,0,656,38.95
17:58:07,85,8,763,71.36
17:58:09,65,5,694,50.53
17:58:11,77,6,574,57.25
17:58:13,72,6,542,55.46
17:58:15,103,3,17,43.44
17:58:17,64,10,371,70.37
17:58:19,59,6,162,47.26
17:58:21,102,8,412,71.90
17:58:23,85,8,780,71.56
17:58:25,72,4,34,39.77
17:58:27,93,8,265,67.62
17:58:29,94,8,798,74.30
17:58:31,58,5,760,49.36
17:58:33,99,3,52,42.74
17:58:35,55,3,789,39.27
17:58:37,59,10,511,70.65
17:58:39,97,1,336,35.99
17:58:41,104,3,245,46.46
17:58:43,67,3,49,33.75
17:58:45,89,9,510,74.24
17:58:47,94,9,158,71.42
17:58:49,95,3,736,49.83
17:58:51,64,9,557,67.80
17:58:53,94,9,220,72.16
17:58:55,58,3,19,30.87
17:58:57,63,0,90,18.72
17:58:59,95,2,344,40.33
17:59:01,85,9,389,71.67
17:59:03,102,4,386,52.39
17:59:05,67,6,221,50.21
17:59:07,78,0,272,25.10
17:59:09,82,6,31,52.13
17:59:11,96,3,648,49.06
17:59:13,94,2,388,40.58
17:59:15,94,1,537,37.56
17:59:17,72,0,359,24.47
17:59:19,60,0,702,25.22
17:59:22,109,3,244,47.85
17:59:24,89,5,215,51.50
17:59:26,64,10,322,69.78
17:59:28,110,6,45,60.14
17:59:30,108,6,637,66.68
17:59:32,110,10,785,88.22
17:59:34,84,6,568,59.14
17:59:36,114,3,380,50.88
17:59:38,63,0,425,22.74
17:59:40,62,0,397,22.12
17:59:42,105,3,29,44.15
17:59:44,72,3,465,40.14
17:59:46,72,0,89,21.23
17:59:48,59,8,118,56.34
17:59:50,106,1,577,41.40
17:59:52,98,5,255,54.50
17:59:54,92,9,719,77.59
17:59:56,82,7,292,60.06
17:59:58,68,4,105,39.50
18:00:00,84,2,231,35.89
18:00:02,59,5,289,43.99
18:00:04,108,10,65,79.02
18:00:06,59,1,666,29.31
18:00:08,105,10,236,80.23
18:00:10,97,9,84,71.37
18:00:12,69,10,112,68.66
18:00:14,105,0,535,35.82
18:00:16,74,7,474,60.01
18:00:18,80,5,21,46.65
18:00:20,115,9,267,78.60
18:00:22,76,10,108,70.58
18:00:24,75,3,622,42.86
18:00:26,78,0,95,22.98
18:00:28,88,7,394,62.97
18:00:30,108,5,372,58.70
18:00:32,73,3,349,39.03
18:00:34,110,8,419,74.23
18:00:36,98,10,673,83.52
18:00:38,80,6,736,60.03
18:00:40,87,8,266,65.95
18:00:42,60,4,76,36.91
18:00:44,98,3,429,46.99
18:00:46,103,3,530,49.60
18:00:48,99,1,66,33.31
18:00:50,60,10,123,66.28
18:00:52,114,2,104,42.77
18:00:54,99,8,546,72.67
18:00:56,55,4,11,34.73
18:00:58,80,10,153,72.24
18:01:00,57,3,57,31.04
18:01:02,55,9,387,63.24
18:01:04,76,0,362,25.62
18:01:06,113,3,705,54.50
18:01:08,83,10,24,71.53
18:01:10,76,0,430,26.44
18:01:12,94,1,132,32.70
18:01:14,69,8,391,62.41
18:01:16,111,7,795,74.22
18:01:18,102,8,401,71.77
18:01:20,73,3,274,38.13
18:01:22,94,7,656,67.79
18:01:25,103,2,325,42.34
18:01:27,60,1,436,26.83
18:01:29,114,3,21,46.57
18:01:31,91,8,537,70.32
18:01:33,87,4,14,43.73
18:01:35,72,7,187,56.00
18:01:37,82,8,200,63.76
18:01:39,84,6,155,54.18
18:01:41,90,4,510,50.52
18:01:43,80,4,462,47.14
18:01:45,108,1,261,38.17
18:01:47,107,0,408,34.86
18:01:49,74,0,307,24.40
18:01:51,77,8,138,61.62
18:01:53,76,9,528,70.82
18:01:55,70,7,118,54.62
18:01:57,55,7,707,57.48
18:01:59,105,0,652,37.22
18:02:01,58,7,255,52.90
18:02:03,71,6,795,58.22
18:02:05,65,5,620,49.64
18:02:07,59,10,367,68.92
18:02:09,113,0,27,31.96
18:02:11,59,7,668,58.14
18:02:13,112,1,57,36.84
18:02:15,78,8,440,65.52
18:02:17,114,6,324,64.61
18:02:19,74,10,189,70.99
18:02:21,64,10,489,71.79
18:02:23,93,6,660,62.76
18:02:25,102,10,40,77.04
18:02:27,97,4,315,50.14
18:02:29,97,7,381,65.33
18:02:31,76,2,467,36.48
18:02:33,74,1,25,25.82
18:02:35,100,8,597,73.56
18:02:37,77,6,465,55.94
18:02:39,76,2,626,38.39
18:02:41,88,4,407,48.72
18:02:43,90,6,742,62.90
18:02:45,70,5,120,45.04
18:02:47,106,4,282,52.26
18:02:49,73,10,87,69.48
18:02:51,99,8,54,66.77
18:02:53,98,9,102,71.86
18:02:55,101,4,537,53.92
18:02:57,109,7,499,70.11
18:02:59,61,1,614,29.25
18:03:01,78,1,772,35.90
18:03:03,58,10,593,71.36
18:03:05,88,0,75,25.54
18:03:07,88,7,267,61.44
18:03:09,60,8,153,57.04
18:03:11,104,1,150,35.72
18:03:13,115,8,61,71.33
18:03:15,95,1,115,32.78
18:03:18,85,3,353,42.44
18:03:20,79,9,213,67.88
18:03:22,77,7,488,61.02
18:03:24,76,5,372,49.74
18:03:26,93,6,247,57.80
18:03:28,91,7,125,60.58
18:03:30,76,8,299,63.27
18:03:32,84,6,25,52.62
18:03:34,91,5,768,58.70
18:03:36,69,5,480,49.08
18:03:38,75,9,77,65.12
18:03:40,85,8,547,68.76
18:03:42,60,1,677,29.72
18:03:44,98,8,44,66.37
18:03:46,112,4,763,59.72
18:03:48,76,3,113,37.04
18:03:50,83,4,138,44.10
18:03:52,101,0,465,33.86
18:03:54,96,9,204,72.53
18:03:56,73,9,322,67.50
18:03:58,78,2,388,36.10
18:04:00,84,9,178,68.86
18:04:02,97,4,377,50.88
18:04:04,57,4,594,42.29
18:04:06,99,1,114,33.89
18:04:08,106,4,376,53.39
18:04:10,82,3,27,37.68
18:04:12,74,0,299,24.31
18:04:14,56,5,95,40.82
18:04:16,66,1,795,32.82
18:04:18,70,7,214,55.77
18:04:20,80,9,181,67.77
18:04:22,74,1,271,28.77
18:04:24,109,10,577,85.44
18:04:26,87,6,787,62.60
18:04:28,55,5,541,45.89
18:04:30,68,2,722,37.30
18:04:32,106,9,275,76.18
18:04:34,93,7,329,63.59
18:04:36,79,3,313,40.28
18:04:38,78,1,353,30.88
18:04:40,72,3,9,34.67
18:04:42,92,4,669,52.99
18:04:44,84,6,543,58.84
18:04:46,107,8,409,73.27
18:04:48,92,7,487,65.20
18:04:50,87,2,130,35.52
18:04:52,68,6,231,50.61
18:04:54,92,3,645,47.90
18:04:56,110,3,520,51.44
18:04:58,87,4,8,43.66
18:05:00,84,1,267,31.52
18:05:02,100,0,523,34.28
18:05:04,60,0,660,24.72
18:05:06,59,3,150,32.72
18:05:08,75,9,251,67.21
18:05:10,62,2,283,30.36
18:05:12,64,10,715,74.50
18:05:14,104,4,43,48.84
18:05:16,83,6,673,60.12
18:05:18,66,8,576,63.79
18:05:20,66,2,208,30.58
18:05:22,62,6,451,51.57
18:05:24,94,0,547,32.88
18:05:26,83,0,559,29.95
18:05:28,85,2,522,39.66
18:05:30,99,1,555,39.18
18:05:33,84,3,125,39.42
18:05:35,59,10,531,70.89
18:05:37,56,2,792,34.78
18:05:39,115,9,670,83.44
18:05:41,80,7,20,56.24
18:05:43,92,10,353,78.00
18:05:45,93,3,111,41.77
18:05:47,105,1,182,36.38
18:05:49,58,0,97,17.40
18:05:53,90,10,504,79.25
18:05:55,97,7,631,68.33
18:05:57,105,10,166,79.39
18:05:59,108,10,644,85.97
18:06:01,62,9,187,62.80
18:06:03,85,3,215,40.78
18:06:05,78,9,480,70.80
18:06:07,61,4,216,38.87
18:06:09,63,8,747,65.00
18:06:11,85,0,588,30.86
18:06:13,67,1,648,31.34
18:06:15,64,6,112,48.06
18:06:17,81,9,365,70.26
18:06:19,99,1,387,37.16
18:06:21,80,4,517,47.80
18:06:23,115,0,679,40.35
18:06:25,93,1,495,36.78
18:06:27,74,7,767,63.52
18:06:29,72,2,470,35.40
18:06:31,84,3,418,42.94
18:06:33,113,1,626,43.95
18:06:35,102,6,252,60.38
18:06:37,106,8,32,68.46
18:06:39,86,5,121,49.53
18:06:41,73,10,137,70.08
18:06:43,82,7,189,58.83
18:06:45,92,0,55,26.42
18:06:47,57,1,769,29.99
18:06:49,111,1,404,40.73
18:06:51,104,9,15,72.50
18:06:53,104,10,21,77.37
18:06:55,107,5,72,54.82
18:06:57,76,6,749,59.07
18:06:59,101,4,769,56.71
18:07:01,65,1,308,26.70
18:07:03,78,0,212,24.38
18:07:05,109,1,195,37.66
18:07:07,95,6,389,60.07
18:07:09,80,7,675,64.10
18:07:11,108,6,241,61.93
18:07:13,97,10,508,81.26
18:07:15,57,6,31,45.13
18:07:17,74,6,99,50.71
18:07:19,67,1,661,31.49
18:07:21,82,3,202,39.78
18:07:23,62,6,789,55.63
18:07:25,92,9,476,74.67
18:07:27,78,9,197,67.40
18:07:29,114,7,449,70.91
18:07:31,111,7,593,71.80
18:07:33,62,2,322,30.82
18:07:35,86,1,270,32.12
18:07:37,61,7,478,56.42
18:07:39,94,4,497,51.48
18:07:41,68,7,732,61.42
18:07:43,104,9,157,74.20
18:07:45,59,6,138,46.98
18:07:47,71,0,315,23.66
18:07:49,83,6,785,61.46
18:07:51,114,1,78,37.66
18:07:53,104,7,569,69.55
18:07:55,78,0,657,29.72
18:07:57,57,0,130,17.52
18:07:59,78,5,718,54.46
18:08:01,77,1,275,29.66
18:08:03,114,6,640,68.40
18:08:05,94,8,47,65.28
18:08:07,58,9,98,60.62
18:08:09,103,7,656,70.31
18:08:11,97,1,427,37.08
18:08:13,100,9,504,77.25
18:08:15,59,5,40,41.00
18:08:17,64,4,55,37.78
18:08:20,109,5,39,54.99
18:08:22,111,9,138,75.94
18:08:24,82,2,642,40.26
18:08:26,107,8,8,68.46
18:08:28,107,10,4,78.01
18:08:30,92,5,546,56.31
18:08:32,83,8,123,63.12
18:08:34,90,3,417,44.60
18:08:36,111,4,371,54.73
18:08:38,58,1,90,22.12
18:08:40,64,2,733,36.32
18:08:42,115,6,291,64.49
18:08:44,62,7,586,57.99
18:08:46,87,5,355,52.62
18:08:48,61,5,99,42.27
18:08:50,112,6,368,64.58
18:08:52,95,7,291,63.69
18:08:54,91,3,287,43.32
18:08:56,91,0,693,33.80
18:08:58,106,0,645,37.42
18:09:00,112,3,11,45.89
18:09:02,93,6,733,63.64
18:09:04,70,10,535,74.02
18:09:06,58,5,582,47.22
18:09:08,60,7,667,58.40
18:09:10,91,1,24,30.57
18:09:12,64,4,774,46.41
18:09:14,60,8,32,55.58
18:09:16,82,1,490,33.64
18:09:18,69,2,395,33.66
18:09:20,64,8,509,62.43
18:09:22,58,6,94,46.17
18:09:24,62,1,572,29.02
18:09:26,92,8,25,64.46
18:09:28,75,2,494,36.53
18:09:30,62,6,638,53.82
18:09:32,95,1,684,39.61
18:09:34,105,10,774,86.69
18:09:36,63,5,346,45.79
18:09:38,60,8,134,56.81
18:09:40,82,8,630,68.92
18:09:42,90,7,576,65.71
18:09:44,59,3,37,31.36
18:09:46,97,4,680,54.52
18:09:48,65,3,351,36.81
18:09:50,87,8,781,72.13
18:09:52,100,7,550,68.20
18:09:54,96,7,143,62.20
18:09:56,90,10,121,74.65
18:09:58,110,5,128,56.34
18:10:00,60,8,541,61.69
18:10:02,55,10,229,66.15
18:10:04,115,9,527,81.72
18:10:06,114,10,596,87.07
18:10:08,111,2,113,42.04
18:10:10,75,8,20,59.64
18:10:12,102,4,600,54.96
18:10:14,73,7,485,59.86
18:10:16,82,10,193,73.28
18:10:18,84,6,359,56.63
18:10:20,89,5,203,51.36
18:10:22,60,7,72,51.26
18:10:24,83,9,62,67.18
18:10:26,112,8,140,71.44
18:10:28,91,2,72,35.94
18:10:30,67,9,14,62.13
18:10:32,88,9,233,70.64
18:10:34,77,9,623,72.24
18:10:36,105,2,800,48.60
18:10:38,105,3,640,51.48
18:10:40,86,8,126,63.99
18:10:42,67,6,560,54.28
18:10:44,112,5,160,57.28
18:10:46,113,5,486,61.47
18:10:48,114,4,17,51.32
18:10:51,60,3,482,36.98
18:10:53,103,8,144,68.97
18:10:55,99,1,189,34.79
18:10:57,89,5,9,49.03
18:10:59,62,10,212,67.90
18:11:01,79,2,631,39.29
18:11:03,66,3,638,40.54
18:11:05,67,10,664,74.73
18:11:07,98,8,670,73.88
18:11:09,79,9,280,68.68
18:11:11,106,7,571,70.13
18:11:13,95,8,588,72.06
18:11:15,64,4,218,39.74
18:11:17,109,1,767,44.52
18:11:19,83,6,782,61.42
18:11:21,83,2,694,41.17
18:11:23,61,2,555,33.34
18:11:25,77,10,34,69.97
18:11:27,70,4,446,44.15
18:11:29,66,10,338,70.54
18:11:31,67,9,424,67.05
18:11:33,80,2,200,34.40
18:11:35,67,5,106,44.03
18:11:37,112,7,493,70.88
18:11:39,84,7,662,65.06
18:11:41,66,1,210,25.80
18:11:43,90,1,719,38.63
18:11:45,87,1,186,31.39
18:11:47,108,3,319,48.47
18:11:49,88,2,509,40.35
18:11:51,72,2,356,34.03
18:11:53,83,1,616,35.43
18:11:55,88,10,612,79.98
18:11:57,110,1,728,44.34
18:11:59,83,1,209,30.55
18:12:01,59,0,110,17.84
18:12:03,101,1,527,39.40
18:12:05,87,10,198,74.74
18:12:07,115,7,0,65.80
18:12:09,96,3,225,43.98
18:12:11,85,7,429,62.55
18:12:13,87,1,702,37.58
18:12:15,69,10,22,67.58
18:12:17,94,6,630,62.68
18:12:19,91,0,434,30.69
18:12:21,104,3,71,44.37
18:12:23,95,3,328,44.94
18:12:25,63,8,633,63.64
18:12:27,64,10,557,72.60
18:12:29,60,7,552,57.02
18:12:31,72,5,136,45.79
18:12:33,101,5,750,61.28
18:12:35,109,7,491,70.01
18:12:37,115,9,623,82.88
18:12:39,98,8,621,73.29
18:12:41,93,0,679,34.19
18:12:43,110,8,686,77.43
18:12:45,65,1,203,25.44
18:12:47,111,0,459,36.59
18:12:49,111,4,553,56.92
18:12:51,70,0,162,21.54
18:12:53,106,10,103,78.92
18:12:55,62,10,213,67.92
18:12:57,75,9,444,69.53
18:12:59,93,6,379,59.39
18:13:01,78,0,395,26.58
18:13:03,55,9,272,61.86
18:13:05,94,4,394,50.25
18:13:07,96,4,767,55.28
18:13:09,59,9,114,61.09
18:13:11,74,1,333,29.52
18:13:13,100,8,558,73.10
18:13:15,110,10,694,87.13
18:13:17,55,2,764,34.17
18:13:19,104,7,455,68.18
18:13:21,58,8,138,56.30
18:13:23,110,2,207,42.88
18:13:25,66,0,632,26.06
18:13:27,81,6,659,59.39
18:13:29,108,6,391,63.73
18:13:31,76,5,317,49.08
18:13:33,112,4,649,58.35
18:13:35,112,2,580,47.92
18:13:37,63,3,715,40.62
18:13:39,108,0,637,37.88
18:13:41,93,0,99,27.23
18:13:43,115,4,629,58.95
18:13:45,77,7,564,61.93
18:13:47,93,5,576,56.95
18:13:49,106,10,516,83.87
18:13:51,96,7,724,69.17
18:13:53,97,5,605,58.42
18:13:56,112,9,722,83.22
18:13:58,64,8,22,56.58
18:14:00,70,7,325,57.10
18:14:02,107,4,348,53.34
18:14:04,77,4,197,43.12
18:14:06,77,9,396,69.51
18:14:08,113,1,729,45.19
18:14:10,86,1,322,32.74
18:14:12,85,2,657,41.28
18:14:14,59,2,441,31.41
18:14:16,80,10,217,73.00
18:14:18,59,8,579,61.87
18:14:20,113,3,159,47.95
18:14:22,75,2,448,35.98
18:14:24,84,3,689,46.19
18:14:26,94,6,151,56.93
18:14:28,112,7,791,74.45
18:14:30,83,2,642,40.54
18:14:32,66,3,300,36.48
18:14:34,104,10,174,79.21
18:14:36,99,5,464,57.29
18:14:38,86,7,208,60.18
18:14:40,113,5,465,61.22
18:14:42,63,0,508,23.74
18:14:44,89,8,555,69.98
18:14:46,92,4,470,50.60
18:14:48,73,4,30,40.00
18:14:50,91,8,155,65.74
18:14:52,112,7,187,67.20
18:14:54,102,5,365,56.94
18:14:56,81,2,373,36.76
18:14:58,96,6,518,61.90
18:15:00,78,1,751,35.65
18:15:02,77,9,598,71.94
18:15:04,64,2,495,33.46
18:15:06,110,6,538,66.06
18:15:08,66,3,423,37.96
18:15:10,88,7,687,66.48
18:15:12,63,0,449,23.03
18:15:14,77,5,327,49.48
18:15:16,87,2,339,38.03
18:15:18,84,8,768,71.14
18:15:20,109,1,621,42.77
18:15:22,93,8,445,69.78
18:15:24,78,2,623,38.92
18:15:26,86,4,656,51.15
18:15:28,79,8,506,66.59
18:15:30,113,4,333,54.84
18:15:32,87,10,202,74.78
18:15:34,104,2,762,47.86
18:15:36,94,1,567,37.92
18:15:38,105,7,277,66.32
18:15:40,85,1,738,37.46
18:15:42,99,1,367,36.92
18:15:44,115,6,177,63.12
18:15:46,79,4,97,42.48
18:15:48,58,8,687,62.88
18:15:50,105,9,168,74.62
18:15:52,91,0,220,28.12
18:15:54,109,2,214,42.69
18:15:56,112,10,468,84.98
18:15:58,109,9,238,76.58
18:16:00,78,9,505,71.10
18:16:02,71,7,675,61.58
18:16:04,59,0,308,20.22
18:16:06,86,2,388,38.34
18:16:08,86,2,246,36.63
18:16:10,60,0,416,21.79
18:16:12,108,9,383,78.04
18:16:14,64,9,749,70.11
18:16:16,60,6,558,52.30
18:16:18,74,9,550,70.52
18:16:20,87,10,139,74.03
18:16:22,95,4,43,46.32
18:16:25,104,8,685,75.74
18:16:27,71,0,793,29.40
18:16:29,87,1,155,31.02
18:16:31,75,6,740,58.68
18:16:33,68,0,736,27.87
18:16:35,56,4,275,38.18
18:16:37,58,2,169,27.87
18:16:39,57,7,146,51.31
18:16:41,61,9,494,66.21
18:16:43,75,6,35,50.22
18:16:45,108,10,686,86.47
18:16:47,89,1,615,37.10
18:16:49,79,2,13,31.88
18:16:51,80,9,236,68.43
18:16:53,58,4,251,38.45
18:16:55,103,1,327,37.56
18:16:57,107,8,598,75.54
18:16:59,99,7,66,62.11
18:17:01,81,0,475,28.38
18:17:03,109,5,788,63.98
18:17:05,96,6,199,58.07
18:17:07,97,0,58,27.86
18:17:09,95,0,84,27.61
18:17:11,84,1,560,35.04
18:17:13,79,0,382,26.70
18:17:15,109,10,471,84.17
18:17:17,61,0,280,20.44
18:17:19,66,6,467,52.88
18:17:21,64,0,615,25.30
18:17:23,78,2,725,40.14
18:17:25,98,6,317,60.04
18:17:27,92,10,548,80.34
18:17:29,114,2,441,46.81
18:17:31,76,0,296,24.83
18:17:33,82,7,146,58.31
18:17:35,77,7,97,56.32
18:17:37,73,7,726,62.75
18:17:39,57,5,361,44.29
18:17:41,80,0,655,30.26
18:17:43,76,10,738,78.14
18:17:45,99,6,210,59.04
18:17:47,98,0,152,29.26
18:17:49,74,6,591,56.61
18:17:51,92,3,635,47.78
18:17:53,76,4,178,42.62
18:17:55,109,0,507,36.60
18:17:57,61,5,136,42.71
18:17:59,92,10,486,79.59
18:18:01,113,6,579,67.39
18:18:03,76,5,55,45.94
18:18:05,61,6,564,52.65
18:18:07,88,10,576,79.55
18:18:09,60,4,661,43.93
18:18:11,57,10,393,68.68
18:18:13,77,10,319,73.39
18:18:15,112,0,606,38.63
18:18:17,97,1,357,36.24
18:18:19,81,2,554,38.93
18:18:21,97,9,593,77.48
18:18:23,64,9,599,68.31
18:18:25,72,0,9,20.27
18:18:27,88,8,190,65.32
18:18:29,95,9,404,74.65
18:18:31,106,10,701,86.09
18:18:33,82,3,681,45.53
18:18:35,67,1,118,24.98
18:18:37,106,8,232,70.86
18:18:39,94,3,79,41.67
18:18:41,87,0,321,28.21
18:18:44,113,10,84,80.65
18:18:46,66,0,70,19.32
18:18:48,58,10,667,72.24
18:18:50,74,5,204,47.17
18:18:52,65,5,353,46.44
18:18:54,76,0,279,24.63
18:18:56,83,5,385,51.86
18:18:58,101,2,271,41.13
18:19:00,103,3,619,50.67
18:19:02,56,3,202,32.50
18:19:04,102,8,595,74.10
18:19:06,90,10,107,74.48
18:19:08,110,8,412,74.14
18:19:10,106,8,519,74.31
18:19:12,104,4,545,54.86
18:19:14,96,9,505,76.14
18:19:16,93,2,257,38.72
18:19:18,115,1,763,46.16
18:19:20,105,4,599,55.79
18:19:22,59,2,311,29.85
18:19:24,71,10,720,76.52
18:19:26,82,9,606,73.43
18:19:28,61,6,624,53.37
18:19:30,82,5,252,49.98
18:19:32,61,8,158,57.38
18:19:34,92,8,245,67.10
18:19:36,57,8,168,56.38
18:19:38,109,0,575,37.42
18:19:40,105,3,18,44.02
18:19:42,65,4,208,39.90
18:19:44,56,10,53,64.32
18:19:46,63,8,558,62.74
18:19:48,59,3,742,39.82
18:19:50,57,6,487,50.60
20:31:22,105,6,205,60.66
20:31:24,69,9,29,62.87
20:31:26,78,1,618,34.06
20:31:28,62,9,59,61.27
20:31:30,58,10,789,73.71
20:31:32,63,2,196,29.59
20:31:34,110,2,262,43.54
20:31:36,74,1,215,28.10
20:31:38,103,4,103,49.28
20:31:40,90,6,306,57.67
20:31:42,94,7,366,64.31
20:31:44,96,8,784,74.69
20:31:46,113,9,331,78.81
20:31:48,94,10,56,74.99
20:31:50,70,7,634,60.81
20:31:52,75,7,233,57.40
20:31:54,115,6,50,61.60
20:31:56,109,2,466,45.71
20:31:58,95,5,45,51.14
20:32:00,102,6,395,62.10
20:32:02,70,4,496,44.75
20:32:04,100,6,561,63.53
20:32:06,81,6,672,59.54
20:32:08,102,3,287,46.40
20:32:10,109,7,180,66.28
20:32:12,86,3,599,45.67
20:32:14,63,8,195,58.38
20:32:16,73,6,736,58.07
20:32:18,70,5,744,52.53
20:32:20,108,10,80,79.20
20:32:22,77,4,52,41.38
20:32:24,108,7,592,70.94
20:32:26,87,3,49,39.35
20:32:28,64,3,559,39.03
20:32:30,76,9,50,65.08
20:32:32,61,3,112,32.82
20:32:34,81,10,535,77.10
20:32:36,104,6,796,67.47
20:32:38,59,3,136,32.55
20:32:40,101,0,622,35.74
20:32:42,98,0,356,31.71
20:32:44,62,4,613,43.92
20:32:46,103,0,160,30.76
20:32:48,83,2,176,34.95
20:32:50,73,3,743,43.76
20:32:52,88,5,537,55.08
20:32:54,76,4,624,47.97
20:32:56,109,4,553,56.36
20:32:58,113,0,176,33.75
20:33:00,115,10,100,81.40
20:33:02,97,0,191,29.45
20:33:04,97,5,731,59.93
20:33:06,108,8,196,70.99
20:33:08,106,4,642,56.58
20:33:10,90,2,414,39.77
20:33:12,85,9,312,70.74
20:33:14,101,10,458,81.78
20:33:16,59,3,140,32.60
20:33:18,99,6,454,61.97
20:33:20,72,2,437,35.00
20:33:22,77,2,140,32.84
20:33:24,74,5,675,52.82
20:33:26,115,4,752,60.42
20:33:28,107,9,507,79.24
20:33:30,106,6,320,62.32
20:33:32,108,1,641,42.73
20:33:34,63,0,127,19.16
20:33:36,57,1,257,23.84
20:33:38,74,1,329,29.47
20:33:40,55,6,493,50.12
20:33:43,68,8,256,60.51
20:33:45,77,8,40,60.44
20:33:47,109,8,426,74.03
20:33:49,94,1,622,38.58
20:33:51,84,4,228,45.46
20:33:53,76,4,520,46.72
20:33:55,92,9,181,71.13
20:33:57,66,6,72,48.14
20:33:59,91,10,353,77.72
20:34:01,62,3,568,38.58
20:34:03,59,8,437,60.16
20:34:05,94,9,95,70.66
20:34:07,114,6,92,61.82
20:34:09,63,2,418,32.26
20:34:11,114,5,617,63.32
20:34:13,80,0,451,27.81
20:34:15,76,8,707,68.16
20:34:17,74,0,561,27.45
20:34:19,77,9,605,72.02
20:34:21,88,3,469,44.67
20:34:23,68,9,628,69.78
20:34:25,115,5,324,60.09
20:34:27,70,4,203,41.24
20:34:29,77,10,41,70.05
20:34:31,55,8,35,54.22
20:34:33,84,0,10,23.64
20:34:35,89,1,232,32.50
20:34:37,67,8,542,63.66
20:34:39,77,5,139,47.23
20:34:41,91,7,314,62.85
20:34:43,110,10,3,78.84
20:34:45,75,3,402,40.22
20:34:47,76,6,735,58.90
20:34:49,94,4,643,53.24
20:34:51,90,9,572,75.26
20:34:53,75,1,99,26.99
20:34:55,60,7,276,53.71
20:34:57,61,4,576,43.19
20:34:59,57,2,121,27.01
20:35:01,79,6,503,56.96
20:35:03,70,3,784,43.41
20:35:05,97,0,247,30.12
20:35:07,69,4,590,45.60
20:35:09,78,8,76,61.15
20:35:11,115,1,417,42.00
20:35:13,89,0,435,30.14
20:35:15,81,5,703,55.12
20:35:17,57,1,565,27.54
20:35:19,79,1,7,27.00
20:35:21,66,8,152,58.70
20:35:23,77,9,298,68.34
20:35:25,69,1,785,33.54
20:35:27,70,3,659,41.91
20:35:29,68,7,739,61.51
20:35:31,67,9,575,68.86
20:35:33,72,8,718,67.18
20:35:35,73,0,499,26.43
20:35:37,105,3,421,48.85
20:35:39,92,0,471,31.41
20:35:41,84,6,721,60.97
20:35:43,109,3,207,47.40
20:35:45,99,6,725,65.22
20:35:47,81,0,476,28.39
20:35:49,82,6,639,59.43
20:35:51,94,10,724,83.01
20:35:53,92,10,395,78.50
20:35:55,104,1,280,37.28
20:35:57,82,2,729,41.31
20:35:59,82,10,252,73.98
20:36:01,55,4,229,37.35
20:36:03,112,9,355,78.82
20:36:05,58,6,359,49.35
20:36:07,75,10,43,69.52
20:36:09,74,10,64,69.49
20:36:11,86,3,427,43.60
20:36:13,56,0,186,17.91
20:36:15,68,2,388,33.30
20:36:17,65,7,212,54.34
20:36:19,94,1,222,33.78
20:36:21,66,6,619,54.71
20:36:23,79,9,0,65.32
20:36:25,112,5,257,58.44
20:36:27,66,5,591,49.57
20:36:29,60,7,749,59.39
20:36:31,113,3,785,55.46
20:36:33,95,7,583,67.20
20:36:35,79,6,789,60.39
20:36:37,114,5,198,58.30
20:36:39,74,9,770,73.16
20:36:41,57,6,240,47.64
20:36:43,77,2,199,33.55
20:36:45,112,9,510,80.68
20:36:47,66,4,779,47.03
20:36:49,56,9,533,65.28
20:36:51,61,8,478,61.22
20:36:53,104,2,384,43.33
20:36:55,93,3,251,43.45
20:36:57,77,3,668,43.98
20:36:59,69,9,788,71.98
20:37:01,88,2,34,34.65
20:37:03,86,9,749,76.27
20:37:05,93,9,122,70.70
20:37:07,81,0,231,25.45
20:37:09,93,0,447,31.40
20:37:11,102,4,500,53.76
20:37:13,65,4,285,40.82
20:37:15,105,4,235,51.42
20:37:17,99,0,793,37.24
20:37:19,87,5,553,55.00
20:37:22,84,2,631,40.69
20:37:24,69,3,703,42.16
20:37:26,68,1,178,25.98
20:37:28,89,3,625,46.82
20:37:30,76,1,736,34.91
20:37:32,62,0,775,26.66
20:37:34,91,4,107,45.96
20:37:36,81,0,186,24.91
20:37:38,91,9,258,71.78
20:37:40,103,7,379,66.99
20:37:42,73,10,441,73.73
20:37:44,97,1,642,39.66
20:37:46,105,4,485,54.42
20:37:48,108,8,156,70.51
20:37:50,61,9,83,61.28
20:37:52,96,4,699,54.47
20:37:54,94,0,761,35.45
20:37:56,55,2,602,32.22
20:37:58,83,5,31,47.61
20:38:00,104,6,81,58.89
20:38:02,89,0,97,26.08
20:38:04,65,5,516,48.39
20:38:06,58,8,600,61.84
20:38:08,82,1,425,32.86
20:38:10,87,8,239,65.63
20:38:12,114,4,501,57.13
20:38:14,101,3,114,44.05
20:38:16,108,0,741,39.13
20:38:18,55,3,677,37.92
20:38:20,73,4,510,45.76
20:38:22,99,7,760,70.44
20:38:24,91,5,276,52.79
20:38:26,62,5,650,49.16
20:38:28,81,6,167,53.48
20:38:30,56,3,588,37.14
20:38:32,102,0,303,32.20
20:38:34,85,9,95,68.14
20:38:36,108,3,166,46.63
20:38:38,71,9,0,63.08
20:38:40,104,10,393,81.84
20:38:42,110,9,774,83.29
20:38:44,108,8,733,77.44
20:38:46,93,4,601,52.45
20:38:48,72,6,747,57.92
20:38:50,112,4,163,52.52
20:38:52,65,5,91,43.29
20:38:54,97,7,230,63.52
20:38:56,56,8,566,60.87
20:38:58,56,1,665,28.46
20:39:00,110,7,33,64.80
20:39:02,115,0,782,41.58
20:39:04,103,3,360,47.56
20:39:06,95,5,777,59.92
20:39:08,65,1,393,27.72
20:39:10,95,8,326,68.91
20:39:12,78,1,197,29.00
20:39:14,96,5,375,55.38
20:39:16,58,10,759,73.35
20:39:18,70,6,301,52.01
20:39:20,108,9,101,74.65
20:39:22,78,5,404,50.69
20:39:24,115,4,450,56.80
20:39:26,80,3,373,41.28
20:39:28,87,3,447,44.12
20:39:30,75,9,176,66.31
20:39:32,91,3,332,43.86
20:39:34,65,6,659,54.91
20:39:36,99,2,538,43.78
20:39:38,100,9,407,76.08
20:39:40,70,8,332,61.98
20:39:42,87,8,10,62.88
20:39:44,101,9,563,78.24
20:39:46,96,10,228,77.62
20:39:48,88,5,315,52.42
20:39:50,59,4,181,37.89
20:39:52,94,6,555,61.78
20:39:54,90,0,208,27.70
20:39:56,75,0,156,22.87
20:39:58,99,5,635,59.34
20:40:00,69,6,51,48.73
20:40:02,100,2,41,38.09
20:40:04,93,0,437,31.28
20:40:06,86,9,651,75.09
20:40:08,112,6,226,62.87
20:40:10,99,10,273,79.00
20:40:12,97,6,701,64.37
20:40:14,75,9,675,72.30
20:40:16,115,5,142,57.90
20:40:18,70,7,49,53.79
20:40:20,114,0,492,37.82
20:40:22,101,0,174,30.37
20:40:24,57,4,219,37.79
20:40:26,74,3,441,40.41
20:40:28,91,6,71,55.13
20:40:30,94,7,269,63.15
20:40:32,115,5,425,61.30
20:40:34,100,6,49,57.39
20:40:36,85,5,492,53.70
20:40:38,110,1,543,42.12
20:40:40,96,8,535,71.70
20:40:42,100,7,134,63.21
20:40:44,108,4,782,58.82
20:40:46,112,9,796,84.11
20:40:48,76,1,741,34.97
20:40:50,84,3,502,43.94
20:40:52,102,0,459,34.07
20:40:54,56,1,170,22.52
20:40:56,111,7,612,72.02
20:40:58,100,0,739,36.87
20:41:00,106,6,685,66.70
20:41:02,69,8,697,66.08
20:41:04,61,9,122,61.74
20:41:06,104,1,668,41.94
20:41:08,83,0,697,31.60
20:41:10,64,6,661,54.65
20:41:13,98,10,525,81.74
20:41:15,68,8,107,58.72
20:41:17,111,8,282,72.86
20:41:19,78,0,434,27.05
20:41:21,107,0,444,35.29
20:41:23,82,8,120,62.80
20:41:25,111,8,758,78.58
20:41:27,114,6,603,67.96
20:41:29,89,5,25,49.22
20:41:31,80,4,557,48.28
20:41:33,89,0,372,29.38
20:41:35,80,1,65,27.98
20:41:37,57,10,229,66.71
20:41:39,109,1,217,37.92
20:41:41,111,3,790,54.96
20:41:43,68,8,611,64.77
20:41:45,67,7,482,58.14
20:41:47,72,1,664,32.93
20:41:49,106,6,689,66.75
20:41:51,60,8,163,57.16
20:41:53,81,1,595,34.62
20:41:55,61,10,628,72.62
20:41:57,66,0,480,24.24
20:41:59,88,6,762,62.58
20:42:01,58,5,583,47.24
20:42:03,88,2,228,36.98
20:42:05,55,4,730,43.36
20:42:07,113,2,132,42.82
20:42:09,86,4,208,45.78
20:42:11,80,10,641,78.09
20:42:13,81,10,546,77.23
20:42:15,82,7,49,57.15
20:42:17,95,5,308,54.30
20:42:19,105,6,276,61.51
20:42:21,98,5,212,53.98
20:42:23,88,5,72,49.50
20:42:25,97,3,0,41.56
20:42:27,93,2,57,36.32
20:42:29,67,3,289,36.63
20:42:31,91,0,551,32.09
20:42:33,111,10,411,84.01
20:42:35,106,2,463,44.84
20:42:37,57,1,218,23.38
20:42:39,65,5,697,50.56
20:42:41,83,1,499,34.03
20:42:43,61,4,306,39.95
20:42:45,84,7,464,62.69
20:42:47,64,4,150,38.92
20:42:49,80,3,389,41.47
20:42:51,76,3,536,42.11
20:42:53,80,8,693,69.12
20:42:55,94,4,340,49.60
20:42:57,103,5,435,58.06
20:42:59,65,7,212,54.34
20:43:01,56,0,240,18.56
20:43:03,72,7,397,58.52
20:43:05,115,2,216,44.39
20:43:07,106,8,731,76.85
20:43:09,111,5,713,63.64
20:43:11,57,5,353,44.20
20:43:13,74,5,712,53.26
20:43:15,95,8,469,70.63
20:43:17,82,10,695,79.30
20:43:19,81,6,9,51.59
20:43:21,99,2,258,40.42
20:43:23,61,4,619,43.71
20:43:25,106,9,383,77.48
20:43:27,75,0,693,29.32
20:43:29,89,5,770,58.16
20:43:31,83,3,206,40.11
20:43:33,96,8,67,66.08
20:43:35,60,3,557,37.88
20:43:37,115,3,689,54.87
20:43:39,75,5,464,50.57
20:43:41,65,7,794,61.33
20:43:43,57,5,572,46.82
20:43:45,108,1,395,39.78
20:43:47,100,3,459,47.91
20:43:49,104,6,305,61.58
20:43:51,113,7,655,73.10
20:43:53,90,5,102,50.42
20:43:55,115,0,437,37.44
20:43:57,79,5,472,51.78
20:43:59,111,9,464,79.85
20:44:01,108,3,656,52.51
20:44:03,67,1,664,31.53
20:44:05,93,10,588,81.10
20:44:07,113,6,416,65.43
20:44:09,113,2,463,46.80
20:44:11,66,3,784,42.29
20:44:13,84,8,763,71.08
20:44:15,91,3,86,40.91
20:44:17,97,2,385,41.38
20:44:19,114,5,350,60.12
20:44:21,113,0,352,35.86
20:44:23,70,1,710,32.92
20:44:25,96,4,480,51.84
20:44:27,99,9,524,77.21
20:44:29,57,4,634,42.77
20:44:31,83,3,459,43.15
20:44:33,60,9,74,60.89
20:44:35,112,2,775,50.26
20:44:37,87,7,268,61.18
20:44:39,92,8,122,65.62
20:44:41,65,9,506,67.47
20:44:43,89,0,264,28.09
20:44:45,95,8,347,69.16
20:44:47,111,10,643,86.80
20:44:49,96,0,334,30.89
20:44:51,77,2,265,34.34
20:44:53,79,6,207,53.40
20:44:55,100,1,350,37.00
20:44:57,66,5,746,51.43
20:44:59,56,4,86,35.91
20:45:02,94,5,9,50.43
20:45:04,65,7,267,55.00
20:45:06,106,3,537,50.52
20:45:08,90,0,289,28.67
20:45:10,73,4,711,48.17
20:45:12,95,7,442,65.50
20:45:14,55,0,192,17.70
20:45:16,68,6,511,53.97
20:45:18,81,4,418,46.90
20:45:20,83,10,622,78.70
20:45:22,99,6,682,64.70
20:45:24,105,5,759,62.51
20:45:26,66,0,294,22.01
20:45:28,104,5,162,55.06
20:45:30,64,4,630,44.68
20:45:32,82,3,621,44.81
20:45:34,105,8,762,76.94
20:45:36,63,0,132,19.22
20:45:38,82,0,445,28.30
20:45:40,86,0,511,30.21
20:45:42,94,0,137,27.96
20:45:44,107,6,489,64.63
20:45:46,89,5,566,55.71
20:45:48,88,8,237,65.88
20:45:50,67,5,368,47.18
20:45:52,92,9,543,75.48
20:45:54,95,1,769,40.63
20:45:56,84,1,326,32.23
20:45:58,72,5,620,51.60
20:46:00,97,0,169,29.19
20:46:02,89,2,244,37.45
20:46:04,104,10,504,83.17
20:46:06,112,9,98,75.74
20:46:08,96,1,744,40.61
20:46:10,104,5,799,62.71
20:46:12,55,5,631,46.97
20:46:14,100,6,450,62.20
20:46:16,72,7,349,57.95
20:46:18,56,1,549,27.07
20:46:20,57,5,679,48.11
20:46:22,68,9,85,63.26
20:46:24,99,4,287,50.36
20:46:26,87,6,62,53.90
20:46:28,56,5,31,40.05
20:46:30,92,2,676,43.47
20:46:32,97,10,101,76.37
20:46:34,60,7,85,51.42
20:46:36,102,8,154,68.81
20:46:38,63,10,308,69.34
20:46:40,77,0,626,29.07
20:46:42,85,5,471,53.45
20:46:44,89,5,285,52.34
20:46:46,75,4,412,45.14
20:46:48,57,7,600,56.76
20:46:50,82,2,80,33.52
20:46:52,69,4,532,44.90
20:46:54,93,7,52,60.26
20:46:56,72,8,290,62.04
20:46:58,75,7,394,59.33
20:47:00,87,3,353,43.00
20:47:02,62,4,400,41.36
20:47:04,106,8,286,71.51
20:47:06,81,8,107,62.36
20:47:08,81,3,321,40.93
20:47:10,75,10,178,71.14
20:47:12,59,8,484,60.73
20:47:14,59,3,123,32.40
20:47:16,58,0,110,17.56
20:47:18,98,1,524,38.53
20:47:20,57,4,368,39.58
20:47:22,56,5,642,47.38
20:47:24,92,5,410,54.68
20:47:26,87,7,679,66.11
20:47:28,97,1,561,38.69
20:47:30,104,6,793,67.44
20:47:32,64,0,445,23.26
20:47:34,89,9,366,72.51
20:47:36,102,3,449,48.35
20:47:38,112,8,300,73.36
20:47:40,88,6,356,57.71
20:47:42,108,2,139,41.51
20:47:44,58,5,210,42.76
20:47:46,112,3,169,47.79
20:47:48,107,10,371,82.41
20:47:50,86,2,536,40.11
20:47:52,88,1,327,33.36
20:47:54,91,2,295,38.62
20:47:56,82,2,506,38.63
20:47:58,103,8,313,71.00
20:48:00,89,1,478,35.46
20:48:02,64,7,149,53.31
20:48:04,73,10,265,71.62
20:48:06,90,7,782,68.18
20:48:08,113,7,12,65.38
20:48:10,60,7,424,55.49
20:48:12,55,0,552,22.02
20:48:14,55,3,623,37.28
20:48:16,82,2,29,32.91
20:48:18,95,7,60,60.92
20:48:20,75,2,76,31.51
20:48:22,55,0,744,24.33
20:48:24,95,7,539,66.67
20:48:26,90,0,572,32.06
20:48:28,92,1,494,36.49
20:48:31,103,2,737,47.28
20:48:33,57,2,795,35.10
20:48:35,97,5,310,54.88
20:48:37,80,10,709,78.91
20:48:39,111,8,20,69.72
20:48:41,106,0,255,32.74
20:48:43,68,8,101,58.65
20:48:45,70,9,169,64.83
20:48:47,97,8,455,71.02
20:48:49,95,8,122,66.46
20:48:51,90,2,749,43.79
20:48:53,77,0,671,29.61
20:48:55,73,5,735,53.26
20:48:57,96,1,39,32.15
20:48:59,87,0,138,26.02
20:49:01,85,4,441,48.29
20:49:03,74,10,641,76.41
20:49:05,78,5,515,52.02
20:49:07,98,5,183,53.64
20:49:09,71,4,290,42.56
20:49:11,66,2,692,36.38
20:49:13,88,6,465,59.02
20:49:15,88,1,479,35.19
20:49:17,68,6,187,50.08
20:49:19,102,9,398,76.54
20:49:21,89,3,760,48.44
20:49:23,62,10,141,67.05
20:49:25,91,5,386,54.11
20:49:27,86,3,270,41.72
20:49:29,61,3,678,39.62
20:49:31,95,0,422,31.66
20:49:33,59,10,584,71.53
20:49:35,80,7,248,58.98
20:49:37,92,4,350,49.16
20:49:39,56,8,613,61.44
20:49:41,112,2,478,46.70
20:49:43,115,9,775,84.70
20:49:45,66,10,180,68.64
20:49:47,72,10,285,71.58
20:49:49,79,0,273,25.40
20:49:51,67,4,111,39.29
20:49:53,78,1,553,33.28
20:49:55,106,0,299,33.27
20:49:57,62,6,454,51.61
20:49:59,93,2,758,44.74
20:50:01,97,6,688,64.22
20:50:03,97,9,210,72.88
20:50:05,56,8,235,56.90
20:50:07,73,3,798,44.42
20:50:09,76,7,491,60.77
20:50:11,96,6,110,57.00
20:50:13,104,2,69,39.55
20:50:15,112,8,283,73.16
20:50:17,103,2,463,44.00
20:50:19,109,10,445,83.86
20:50:21,96,9,649,77.87
20:50:23,82,0,440,28.24
20:50:25,107,8,596,75.51
20:50:27,85,0,520,30.04
20:50:29,81,10,631,78.25
20:50:31,75,8,576,66.31
20:50:33,96,6,163,57.64
20:50:35,80,9,669,73.63
20:50:37,111,2,337,44.72
20:50:39,70,8,521,64.25
20:50:41,68,10,289,70.51
20:50:43,59,7,410,55.04
20:50:45,114,7,300,69.12
20:50:47,107,6,435,63.98
20:50:49,108,5,207,56.72
20:50:51,79,9,36,65.75
20:50:53,72,0,505,26.22
20:50:55,70,7,647,60.96
20:50:57,59,3,367,35.32
20:50:59,103,8,404,72.09
20:51:01,98,3,642,49.54
20:51:03,100,3,285,45.82
20:51:05,70,6,95,49.54
21:19:33,83,9,680,74.60
21:19:35,75,0,695,29.34
21:19:38,104,9,61,73.05
21:19:40,85,4,149,44.79
21:19:42,68,1,567,30.64
21:19:44,82,9,396,70.91
21:19:46,113,4,271,54.09
21:19:48,71,3,137,35.92
21:19:50,58,2,441,31.13
21:19:52,58,2,64,26.61
21:19:54,65,4,605,44.66
21:19:56,71,7,490,59.36
21:19:58,80,3,149,38.59
21:20:00,110,2,307,44.08
21:20:02,104,0,238,31.98
21:20:04,79,1,97,28.08
21:20:06,108,4,245,52.38
21:20:08,62,10,357,69.64
21:20:10,60,7,23,50.68
21:20:12,80,2,107,33.28
21:20:14,71,1,661,32.61
21:20:16,115,2,747,50.76
21:20:18,69,10,399,72.11
21:20:20,72,7,498,59.74
21:20:22,81,2,467,37.88
21:20:24,71,6,738,57.54
21:20:26,115,10,95,81.34
21:20:28,100,0,607,35.28
21:20:30,81,0,258,25.78
21:20:32,73,6,298,52.82
21:20:34,105,1,68,35.02
21:20:36,105,6,498,64.18
21:20:38,73,4,147,41.40
21:20:40,63,1,545,28.98
21:20:42,115,6,706,69.47
21:20:44,115,10,323,84.08
21:20:46,85,6,50,53.20
21:20:48,96,5,647,58.64
21:20:50,107,4,753,58.20
21:20:52,82,6,647,59.52
21:20:54,74,2,468,35.94
21:20:56,96,6,382,60.26
21:20:58,75,7,499,60.59
21:21:00,114,6,466,66.31
21:21:02,110,4,513,56.16
21:21:04,101,9,253,74.52
21:21:06,95,2,151,38.01
21:21:08,88,1,252,32.46
21:21:10,104,4,36,48.75
21:21:12,71,4,469,44.71
21:21:14,89,4,458,49.62
21:21:16,94,10,660,82.24
21:21:18,101,8,580,73.64
21:21:20,102,4,711,56.29
21:21:22,63,10,653,73.48
21:21:24,80,5,513,52.56
21:21:26,93,4,227,47.96
21:21:28,57,3,429,35.51
21:21:30,59,7,310,53.84
21:21:32,102,8,376,71.47
21:21:34,115,4,542,57.90
21:21:36,90,1,9,30.11
21:21:38,80,7,518,62.22
21:21:40,113,1,361,40.77
21:21:42,69,7,28,53.26
21:21:44,112,3,54,46.41
21:21:46,91,8,436,69.11
21:21:48,106,0,435,34.90
21:21:50,69,2,773,38.20
21:21:52,87,0,277,27.68
21:21:54,58,6,170,47.08
21:21:56,99,10,143,77.44
21:21:58,92,1,577,37.48
21:22:00,63,6,198,48.82
21:22:02,107,8,780,77.72
21:22:04,90,4,600,51.60
21:22:06,115,3,696,54.95
21:22:08,97,2,590,43.84
21:22:10,73,9,783,73.04
21:22:12,66,4,790,47.16
21:22:14,108,4,697,57.80
21:22:16,111,6,404,64.73
21:22:18,69,6,265,51.30
21:22:20,59,3,681,39.09
21:22:22,60,3,665,39.18
21:22:24,115,6,642,68.70
21:22:26,115,8,416,75.59
21:22:28,80,5,253,49.44
21:22:30,88,8,443,68.36
21:22:33,112,2,271,44.21
21:22:35,103,3,267,46.44
21:22:37,78,2,781,40.81
21:22:39,66,0,224,21.17
21:22:41,60,6,647,53.36
21:22:43,76,0,63,22.04
21:22:45,66,8,218,59.50
21:22:47,103,2,485,44.26
21:22:49,55,0,131,16.97
21:22:51,110,10,76,79.71
21:22:53,61,4,194,38.61
21:22:55,81,2,685,40.50
21:22:57,58,4,280,38.80
21:22:59,101,10,219,78.91
21:23:01,89,5,719,57.55
21:23:03,59,3,18,31.14
21:23:05,99,7,646,69.07
21:23:07,98,3,119,43.27
21:23:09,109,3,799,54.51
21:23:11,95,5,609,57.91
21:23:13,93,8,289,67.91
21:23:15,67,3,660,41.08
21:23:17,99,0,37,28.16
21:23:19,101,2,382,42.46
21:23:21,74,0,744,29.65
21:23:23,83,9,660,74.36
21:23:25,105,2,195,41.34
21:23:27,90,6,106,55.27
21:23:29,57,9,288,62.62
21:23:31,111,0,120,32.52
21:23:33,64,4,40,37.60
21:23:35,88,0,379,29.19
21:23:37,82,6,394,56.49
21:23:39,55,0,230,18.16
21:23:41,73,6,249,52.23
21:23:43,115,1,450,42.40
21:23:45,89,7,657,66.40
21:23:47,71,8,107,59.56
21:23:49,69,0,273,22.60
21:23:51,91,0,791,34.97
21:23:53,77,9,646,72.51
21:23:55,84,7,208,59.62
21:23:57,107,4,790,58.64
21:23:59,85,1,676,36.71
21:24:01,88,5,760,57.76
21:24:03,62,2,769,36.19
21:24:05,103,10,226,79.55
21:24:07,88,0,127,26.16
21:24:09,108,8,660,76.56
21:24:11,101,6,611,64.41
21:24:13,93,2,261,38.77
21:24:15,93,4,511,51.37
21:24:17,106,4,231,51.65
21:24:19,95,4,180,47.96
21:24:21,110,7,495,70.34
21:24:23,94,9,123,71.00
21:24:25,72,1,542,31.46
21:24:27,58,7,138,51.50
21:24:29,90,4,458,49.90
21:24:31,96,0,543,33.40
21:24:33,74,2,339,34.39
21:24:35,62,10,110,66.68
21:24:37,94,0,688,34.58
21:24:39,71,3,117,35.68
21:24:41,98,5,602,58.66
21:24:43,100,8,144,68.13
21:24:45,98,7,747,70.00
21:24:47,76,7,639,62.55
21:24:49,68,1,352,28.06
21:24:51,68,9,270,65.48
21:24:53,106,9,315,76.66
21:24:55,80,4,58,42.30
21:24:57,89,8,715,71.90
21:24:59,76,9,435,69.70
21:25:01,83,10,445,76.58
21:25:03,78,7,796,64.99
21:25:05,99,2,143,39.04
21:25:07,74,0,615,28.10
21:25:09,79,1,620,34.36
21:25:11,84,6,266,55.51
21:25:13,104,10,222,79.78
21:25:15,110,9,258,77.10
21:25:17,112,1,604,43.41
21:25:19,106,7,678,71.42
21:25:21,113,0,771,40.89
21:25:23,101,4,5,47.54
21:25:25,64,1,280,26.08
21:25:27,108,5,221,56.89
21:25:29,111,0,490,36.96
21:25:31,108,8,471,74.29
21:25:33,101,9,365,75.86
21:25:35,79,10,332,74.10
21:25:37,107,9,215,75.74
21:25:39,99,1,302,36.14
21:25:41,55,8,25,54.10
21:25:43,97,5,614,58.53
21:25:45,66,7,249,55.07
21:25:47,82,8,271,64.61
21:25:50,55,10,701,71.81
21:25:52,74,1,149,27.31
21:25:54,82,7,606,63.83
21:25:56,84,9,44,67.25
21:25:58,61,2,603,33.92
21:26:00,62,4,763,45.72
21:26:02,57,4,222,37.82
21:26:04,112,2,425,46.06
21:26:06,67,10,208,69.26
21:26:08,106,10,176,79.79
21:26:10,74,2,46,30.87
21:26:12,68,10,179,69.19
21:26:14,113,5,600,62.84
21:26:16,112,7,416,69.95
21:26:18,79,9,42,65.82
21:26:20,56,1,589,27.55
21:26:22,99,10,284,79.13
21:26:24,106,9,206,75.35
21:26:26,92,8,216,66.75
21:26:28,101,1,457,38.56
21:26:30,92,10,307,77.44
21:26:32,55,3,9,29.91
21:26:34,97,8,512,71.70
21:26:36,78,7,329,59.39
21:26:38,105,10,726,86.11
21:26:40,72,5,23,44.44
21:26:42,81,1,614,34.85
21:26:44,108,4,304,53.09
21:26:46,88,1,798,39.02
21:26:48,88,6,433,58.64
21:26:50,71,9,673,71.16
21:26:52,84,8,189,64.19
21:27:16,75,0,41,20.11
21:27:18,111,10,551,83.12
21:27:20,75,5,550,50.75
21:27:22,59,9,587,65.54
21:27:24,96,0,213,28.16
21:27:26,86,8,733,70.16
21:27:28,92,1,304,33.08
21:27:30,76,9,701,71.67
21:27:32,103,10,15,73.00
21:27:34,81,5,389,49.90
21:27:36,66,2,499,33.84
21:27:38,112,5,638,61.69
21:27:40,62,4,725,45.39
21:27:42,92,6,216,54.76
21:27:44,98,1,228,33.50
21:27:46,58,1,434,26.19
21:27:48,110,5,148,53.82
21:27:50,93,1,739,39.87
21:27:52,112,0,196,32.06
21:27:54,93,9,668,75.60
21:27:56,107,10,154,76.13
21:27:58,94,5,550,55.69
21:28:00,104,3,455,47.66
21:28:02,110,5,492,58.98
21:28:04,93,5,176,49.82
21:28:06,64,6,694,54.65
21:28:08,87,3,303,40.97
21:28:10,94,9,65,66.81
21:28:12,86,0,652,32.14
21:28:14,64,5,341,44.76
21:28:17,90,3,386,42.99
21:28:19,88,2,305,36.66
21:28:21,80,1,206,28.49
21:28:23,66,3,556,39.30
21:28:25,83,6,177,51.84
21:28:27,73,0,8,19.10
21:28:29,107,7,4,60.08
21:28:31,90,9,477,71.95
21:28:33,85,5,677,55.26
21:28:35,83,0,594,30.49
21:28:37,108,10,370,79.63
21:28:39,64,1,489,28.58
21:28:41,86,0,316,27.10
21:28:43,80,1,388,31.22
21:28:45,74,10,248,68.96
21:28:47,101,10,691,82.62
21:28:49,60,0,251,19.37
21:28:51,91,0,661,33.58
21:28:53,96,9,365,71.83
21:28:55,88,2,468,39.10
21:28:57,68,7,680,60.08
21:28:59,79,0,731,31.50
21:29:01,87,6,571,58.78
21:29:03,83,5,475,51.70
21:29:05,67,10,317,68.17
21:29:07,83,10,542,75.71
21:29:09,98,10,442,78.11
21:29:11,108,10,356,79.42
21:29:13,64,0,557,25.00
21:29:15,107,3,258,45.49
21:29:17,89,3,553,45.23
21:29:19,58,1,197,22.63
21:29:21,59,3,577,37.80
21:29:23,107,1,233,35.91
21:29:25,107,10,551,82.08
21:29:27,67,4,120,37.62
21:29:29,106,2,278,40.93
21:29:31,89,0,355,28.46
21:29:33,88,6,204,53.54
21:29:35,111,3,443,49.30
21:29:37,71,9,720,70.66
21:29:39,74,3,442,39.67
21:29:41,75,1,29,24.54
21:29:43,98,5,87,49.79
21:29:45,89,3,659,46.82
21:29:47,109,3,101,43.66
21:29:49,77,1,745,35.79
21:29:51,75,9,690,71.25
21:29:53,99,10,522,79.57
21:29:55,76,10,157,68.12
21:29:57,58,7,724,58.14
21:29:59,69,2,458,34.01
21:30:01,71,10,582,73.19
21:30:03,91,8,162,62.89
21:30:05,83,5,629,54.02
21:30:07,83,9,134,64.99
21:30:09,97,10,140,73.32
21:30:11,105,9,555,77.03
21:30:13,64,6,111,45.90
21:30:15,87,1,337,32.27
21:30:17,87,7,299,59.30
21:30:19,81,7,110,54.91
21:30:21,99,5,354,54.05
21:30:23,109,1,365,38.41
21:30:25,69,5,544,49.10
21:30:27,62,4,381,40.23
21:30:29,91,4,387,47.87
21:30:31,96,1,602,38.59
21:30:33,108,8,404,70.94
21:30:35,94,1,400,35.04
21:30:37,66,0,314,21.87
21:30:39,71,6,197,49.02
21:30:41,91,4,233,45.55
21:30:43,67,4,118,37.59
21:30:45,78,4,514,46.39
21:30:47,67,9,730,69.77
21:30:49,108,5,98,52.55
21:30:51,58,3,508,36.50
21:30:53,83,4,12,40.16
21:30:55,83,3,447,42.09
21:30:57,111,8,432,72.14
21:30:59,104,0,92,28.42
21:31:01,66,2,97,27.81
21:31:03,107,5,652,60.60
21:31:05,104,0,284,31.30
21:31:07,111,7,479,68.24
21:31:09,93,6,574,60.39
21:31:11,98,8,27,62.69
21:31:13,75,3,654,43.11
21:31:15,92,4,593,51.22
21:31:17,88,7,718,65.85
21:31:19,108,6,662,65.61
21:31:21,75,6,606,56.19
21:31:23,94,5,647,57.14
21:31:25,62,4,8,34.64
21:31:27,107,9,157,71.58
21:31:29,88,5,436,52.42
21:31:31,80,0,369,26.34
21:31:33,88,4,222,44.61
21:31:35,109,6,750,67.19
21:31:37,92,10,577,78.58
21:31:40,78,10,464,73.24
21:31:42,96,4,488,50.68
21:31:44,66,5,390,46.01
21:31:46,58,7,47,47.98
21:31:48,70,6,43,46.45
21:31:50,90,8,187,63.01
21:31:52,111,1,465,40.44
21:31:54,81,4,426,45.85
21:31:56,87,2,383,37.56
21:31:58,110,8,427,71.81
21:32:00,91,5,373,52.25
21:32:02,65,2,38,26.67
21:32:04,72,5,255,45.55
21:32:06,106,0,515,35.29
21:32:08,102,6,269,58.16
21:32:10,99,2,704,45.50
21:32:12,73,9,421,66.69
21:32:14,94,4,19,43.12
21:32:16,84,1,566,34.93
21:32:18,98,10,523,79.33
21:32:20,93,3,259,41.86
21:32:22,92,4,71,43.38
21:32:24,102,1,416,37.36
21:32:26,92,7,565,64.59
21:32:28,91,5,25,47.03
21:32:30,91,6,194,54.17
21:32:32,87,2,698,42.29
21:32:34,95,6,544,60.46
21:32:36,81,9,55,63.29
21:32:38,69,6,433,52.03
21:32:40,97,1,418,36.09
21:32:42,104,5,17,50.30
21:32:44,100,3,476,46.94
21:32:46,65,7,396,55.04
21:32:48,73,8,240,59.38
21:32:50,78,1,364,30.34
21:32:52,91,8,667,70.46
21:32:54,82,5,619,53.61
21:32:56,98,5,293,52.88
21:32:58,61,8,603,61.70
21:33:00,74,10,658,75.11
21:33:02,108,8,113,66.57
21:33:04,69,1,555,30.86
21:33:06,58,2,156,26.62
21:33:08,76,3,740,44.66
21:33:10,95,2,75,35.02
21:33:12,86,4,350,46.01
21:33:14,63,2,134,27.59
21:33:16,110,3,74,43.51
21:33:18,87,7,339,59.90
21:33:20,86,9,183,66.50
21:33:22,64,4,386,40.83
21:33:24,71,6,190,48.91
21:33:26,84,6,234,52.95
21:33:28,108,9,750,80.73
21:33:30,97,8,721,72.83
21:33:32,83,10,20,67.88
21:33:34,62,3,599,38.91
21:33:36,109,4,151,49.00
21:33:38,87,1,515,34.95
21:33:40,70,5,249,44.94
21:33:42,75,5,191,45.37
21:33:44,75,9,258,64.77
21:33:46,84,10,722,78.67
21:33:48,70,1,531,30.76
21:33:50,71,9,336,64.90
21:33:52,65,6,53,45.30
21:33:54,107,6,58,56.29
21:33:56,95,9,92,67.48
21:33:58,110,3,5,42.48
21:34:00,77,1,351,29.88
21:34:02,98,6,661,62.99
21:34:04,58,8,245,55.55
21:34:06,93,9,221,68.89
21:34:08,64,0,39,17.23
21:34:10,65,2,462,33.03
21:34:12,71,8,741,66.38
21:34:14,103,1,423,37.73
21:34:16,93,10,520,77.98
21:34:18,92,9,502,72.85
21:34:20,111,3,171,45.22
21:34:22,82,0,340,26.42
21:34:24,60,6,193,46.10
21:34:26,102,5,265,53.49
21:34:28,72,2,118,29.69
21:34:30,62,10,93,63.52
21:34:32,58,7,309,51.91
21:34:34,83,0,696,32.02
21:34:36,94,3,372,43.82
21:34:38,66,1,536,29.80
21:34:40,91,0,463,30.61
21:34:42,95,10,658,80.57
21:34:44,62,4,128,36.44
21:34:46,66,7,74,50.47
21:34:48,62,8,236,56.46
21:34:51,106,0,670,37.61
21:34:53,109,10,130,76.29
21:34:55,81,7,142,55.39
21:34:57,80,5,239,47.38
21:34:59,105,6,749,66.13
21:35:01,87,9,347,69.22
21:35:03,77,1,514,32.33
21:35:05,64,1,443,27.89
21:35:07,62,10,82,63.35
21:35:09,73,3,646,42.47
21:35:11,111,8,741,76.77
21:35:13,83,5,179,47.27
21:35:15,105,4,571,54.27
21:35:17,67,10,389,69.25
21:35:19,81,6,170,51.21
21:35:21,85,5,398,51.07
21:35:23,109,0,142,30.47
21:35:25,98,3,242,42.91
21:35:27,80,6,329,53.34
21:35:29,65,4,3,35.34
21:35:31,104,1,346,36.83
21:35:33,109,2,28,37.96
21:35:35,74,8,627,65.44
21:35:37,90,3,293,41.59
21:35:39,71,1,708,33.68
21:35:41,102,1,164,33.58
21:35:43,74,0,258,23.11
21:35:45,101,2,166,37.95
21:35:47,72,7,582,59.65
21:35:49,60,10,594,70.51
21:35:51,74,5,571,50.80
21:35:53,78,10,431,72.75
21:35:55,109,0,157,30.70
21:35:57,64,3,292,34.82
21:35:59,98,7,369,63.21
21:36:01,80,8,532,65.58
21:36:03,103,1,178,34.05
21:36:05,102,7,170,61.27
21:36:07,63,8,533,61.17
21:36:09,89,0,313,27.84
21:36:11,85,4,337,45.55
21:36:13,58,9,116,58.22
21:36:15,98,3,17,39.54
21:36:17,94,2,489,40.98
21:36:19,60,8,3,52.45
21:36:21,108,7,726,71.17
21:36:23,69,2,586,35.93
21:36:25,89,3,192,39.82
21:36:27,92,1,555,36.84
21:36:29,70,10,585,72.98
21:36:31,100,4,444,51.06
21:36:33,105,1,399,37.88
21:36:35,61,1,24,20.82
21:36:37,96,0,157,27.32
21:36:39,109,7,24,60.90
21:36:41,109,10,443,80.98
21:36:43,105,6,413,61.09
21:36:45,70,5,432,47.68
21:36:47,108,5,109,52.71
21:36:49,107,10,588,82.64
21:36:51,68,0,738,28.75
21:36:53,111,4,516,55.00
21:36:55,102,7,587,67.53
21:36:57,104,6,314,59.35
21:36:59,106,5,234,54.07
21:37:01,94,2,70,34.69
21:37:03,98,8,575,70.91
21:37:05,94,0,528,32.36
21:37:07,78,6,276,52.02
21:37:09,92,7,449,62.85
21:37:11,65,2,76,27.24
21:37:13,69,10,293,68.33
21:37:15,62,1,684,30.98
21:37:17,81,3,436,41.40
21:37:19,59,5,488,45.66
21:37:21,79,10,358,71.91
21:37:23,102,8,102,64.85
21:37:25,90,6,463,57.95
21:37:27,71,10,46,65.15
21:37:29,112,4,677,57.67
21:37:31,96,7,663,67.10
21:37:33,59,10,390,67.19
21:37:35,68,6,372,50.86
21:37:37,78,6,522,55.71
21:37:39,98,9,191,69.74
21:37:41,109,8,191,68.00
21:37:43,68,5,324,45.54
21:37:45,99,4,184,46.90
21:37:47,82,8,634,67.63
21:37:49,102,0,101,28.04
21:37:51,86,0,118,24.13
21:37:53,102,1,198,34.09
21:37:55,85,7,332,59.28
21:37:57,100,4,89,45.73
21:37:59,101,6,582,62.59
21:38:01,101,3,389,45.90
21:38:03,93,8,574,69.59
21:38:05,93,7,626,65.77
21:38:07,88,2,182,34.81
21:38:09,94,9,634,75.35
21:38:11,62,9,474,64.63
21:38:13,110,0,644,38.26
21:38:16,71,7,518,58.43
21:38:18,92,6,603,60.56
21:38:20,112,8,425,72.30
21:38:22,71,2,637,37.22
21:38:24,81,0,31,21.53
21:38:26,105,3,657,50.95
21:38:28,73,9,497,67.83
21:38:30,60,6,12,43.38
21:38:32,65,3,62,31.63
21:38:34,68,9,596,68.02
21:38:36,82,4,46,40.41
21:38:38,94,2,328,38.56
21:38:40,77,2,546,37.41
21:38:42,65,7,130,51.05
21:38:44,69,1,21,22.86
21:38:46,89,0,65,24.12
21:38:48,100,7,678,68.37
21:38:50,108,6,623,65.03
21:38:52,76,8,6,56.65
21:38:54,112,5,143,54.27
21:38:56,65,1,474,28.61
21:38:58,98,3,238,42.85
21:39:00,67,4,369,41.36
21:39:02,71,2,174,30.27
21:39:04,107,7,186,62.81
21:39:06,76,6,123,49.20
21:39:08,81,2,654,40.07
21:39:10,76,8,655,66.39
21:39:12,87,2,59,32.70
21:39:14,95,7,196,59.84
21:39:16,105,7,466,66.49
21:39:18,88,2,736,43.12
21:39:20,66,8,35,54.48
21:39:22,69,0,313,22.64
21:39:24,81,4,720,50.26
21:39:26,98,0,707,36.09
21:39:28,85,10,494,75.51
21:39:30,75,1,91,25.46
21:39:32,61,2,274,29.17
21:39:34,69,1,723,33.38
21:39:36,86,8,391,65.02
21:39:38,81,2,642,39.89
21:39:40,92,8,478,67.89
21:39:42,110,6,20,56.50
21:39:44,63,0,165,18.86
21:39:46,111,4,325,52.13
21:39:48,93,9,543,73.72
21:39:50,96,2,264,38.12
21:39:52,95,4,204,46.16
21:39:54,112,2,685,48.59
21:39:56,58,8,451,58.64
21:39:58,105,0,237,30.86
21:40:00,90,8,236,63.74
21:40:02,72,7,472,58.00
21:40:04,97,1,185,32.59
21:40:06,102,5,554,57.83
21:40:08,77,6,731,58.58
21:40:10,69,9,718,70.11
21:40:12,59,0,598,24.31
21:40:14,61,8,443,59.30
21:40:16,59,2,382,30.27
21:40:18,87,5,704,56.18
21:40:20,90,3,350,42.45
21:40:22,98,4,415,50.10
21:40:24,108,1,580,41.38
21:40:26,103,3,638,50.15
21:40:28,68,5,183,43.42
21:40:30,100,6,458,60.47
21:40:32,67,3,522,39.05
21:40:34,107,9,713,79.91
21:40:36,71,8,470,62.31
21:40:38,59,8,579,60.83
21:40:40,65,6,230,47.95
21:40:42,97,6,582,61.55
21:40:44,98,2,422,41.01
21:40:46,109,2,14,37.75
21:40:48,65,7,664,59.06
21:40:50,77,3,61,34.73
21:40:52,92,0,177,26.58
21:40:54,58,6,102,44.21
21:40:56,80,2,678,40.17
21:40:58,102,5,33,50.01
21:41:00,101,4,483,51.90
21:41:02,90,10,11,69.57
21:41:04,79,10,455,73.36
21:41:06,72,2,674,38.03
21:41:08,80,0,204,23.86
21:41:10,77,9,632,70.90
21:41:12,99,6,479,60.53
21:41:14,73,9,192,63.26
21:41:16,73,1,316,28.32
21:41:18,68,4,633,45.57
21:41:21,84,8,504,66.20
21:41:23,68,5,583,49.42
21:41:25,88,8,365,65.16
21:41:27,62,9,330,62.47
21:41:29,68,8,673,64.57
21:41:31,87,8,493,66.81
21:41:33,94,5,81,48.66
21:41:35,88,5,668,55.90
21:41:37,67,10,390,69.27
21:41:39,72,0,406,24.81
21:41:41,98,7,411,63.84
21:41:43,71,2,694,38.07
21:41:45,109,10,350,79.59
21:41:47,99,9,671,77.20
21:41:49,95,6,473,59.39
21:41:51,78,5,340,48.38
21:41:53,63,10,393,68.27
21:41:55,60,1,294,24.61
21:41:57,71,6,728,56.98
21:41:59,69,0,156,20.28
21:42:01,80,9,97,63.66
21:42:03,66,10,497,70.61
21:42:05,91,9,280,69.26
21:42:07,66,0,313,21.86
21:42:09,85,6,62,50.63
21:42:11,68,8,375,60.10
21:42:13,63,8,467,60.18
21:42:15,100,8,228,66.22
21:42:17,60,7,20,48.10
21:42:19,75,7,702,62.23
21:42:21,74,0,601,28.26
21:42:23,103,5,435,56.30
21:42:25,109,8,90,66.49
21:42:27,89,4,685,51.81
21:42:29,77,0,196,22.96
21:42:31,69,8,30,55.19
21:42:33,79,10,682,76.77
21:42:35,71,1,583,31.80
21:42:37,79,1,647,34.84
21:42:39,93,3,528,45.90
21:42:41,87,5,528,53.54
21:42:43,112,10,735,86.15
21:42:45,100,3,361,45.21
21:42:47,63,5,395,45.30
21:42:49,97,4,496,51.06
21:42:51,68,1,150,24.53
21:42:53,73,10,543,73.12
21:42:55,73,10,536,73.02
21:42:57,79,1,141,27.25
21:42:59,110,1,140,35.30
21:43:01,93,9,501,73.09
21:43:03,69,8,235,58.26
21:43:05,112,4,311,52.18
21:43:07,106,4,493,53.36
21:43:09,83,9,260,66.88
21:43:11,99,4,524,52.00
21:43:13,98,5,267,52.49
21:43:15,89,2,402,38.37
21:43:17,66,0,647,26.87
21:43:19,112,9,639,80.10
21:43:21,68,9,672,69.16
21:43:23,103,4,376,50.82
21:43:25,83,6,669,59.22
21:43:27,64,3,181,33.16
21:43:29,63,2,29,26.01
21:43:31,100,1,314,35.31
21:43:33,88,10,664,78.84
21:43:35,99,2,645,44.61
21:43:37,69,6,569,54.08
21:43:39,61,1,632,29.94
21:43:41,98,10,453,78.28
21:43:43,63,5,186,42.17
21:43:45,106,1,618,41.43
21:43:47,80,2,41,30.61
21:43:49,102,10,437,79.07
21:43:51,90,10,513,77.09
21:43:53,76,8,299,61.05
21:43:55,79,4,563,47.38
21:43:57,84,8,87,59.95
21:43:59,79,3,44,35.00
21:44:01,81,4,235,42.98
21:44:03,61,4,634,43.77
21:44:05,101,6,671,63.92
21:44:07,84,5,162,47.27
21:44:09,107,5,511,58.48
21:44:11,106,7,620,69.06
21:44:13,98,7,607,66.78
21:44:15,62,3,415,36.15
21:44:17,59,4,337,38.79
21:44:19,105,3,572,49.68
21:44:21,95,6,633,61.79
21:44:23,86,8,731,70.12
21:44:25,60,0,193,18.50
21:44:27,75,2,749,39.94
21:44:29,80,7,520,60.80
21:44:31,72,0,576,27.36
21:44:33,65,8,330,58.65
21:44:35,65,9,5,58.38
21:44:38,85,4,28,40.92
21:44:40,74,6,442,53.47
21:44:42,88,7,371,60.64
21:44:44,95,1,615,38.52
21:44:46,98,3,24,39.64
21:44:48,102,3,61,41.23
21:44:50,81,10,619,76.34
21:44:52,63,10,418,68.65
21:44:54,67,8,158,56.59
21:44:56,64,4,439,41.62
21:44:58,100,1,258,34.47
21:45:00,70,7,59,51.28
21:45:02,111,6,608,65.58
21:45:04,92,2,629,42.56
21:45:06,62,9,357,62.87
21:45:08,60,10,703,72.14
21:45:10,102,7,422,65.05
21:45:12,77,10,417,72.27
21:45:14,73,7,357,56.53
21:45:16,74,2,110,30.09
21:45:18,82,7,360,58.92
21:45:20,104,9,615,77.66
21:45:22,60,7,214,51.01
21:45:24,78,4,730,49.63
21:45:26,109,5,46,52.03
21:45:28,74,7,430,57.89
21:45:30,88,3,328,41.60
21:45:32,93,7,106,57.97
21:45:34,95,6,224,55.66
21:45:36,100,1,122,32.43
21:45:38,73,10,521,72.80
21:45:40,109,9,348,74.96
21:45:42,74,3,202,36.07
21:45:44,70,6,449,52.53
21:45:46,63,6,114,45.69
21:45:48,110,10,644,84.26
21:45:50,68,0,377,23.34
21:45:52,67,10,255,67.25
21:45:54,111,1,731,44.42
21:45:56,87,7,358,60.19
21:45:58,66,7,36,49.90
21:46:00,61,3,587,38.47
21:46:02,93,10,170,72.73
21:46:04,102,5,150,51.77
21:46:06,106,5,122,52.39
21:46:08,83,8,619,67.66
21:46:10,106,0,622,36.89
21:46:12,61,5,476,46.00
21:46:14,108,0,591,36.95
21:46:16,107,2,219,40.30
21:46:18,88,2,314,36.79
21:46:20,107,3,225,44.99
21:46:22,95,7,251,60.66
21:46:24,103,6,228,57.80
21:46:26,60,6,150,45.45
21:46:28,59,3,524,37.00
21:46:30,67,7,553,57.91
21:46:32,79,6,200,51.14
21:46:34,89,10,333,74.14
21:46:36,93,8,376,66.62
21:46:38,87,2,129,33.76
21:46:40,110,4,230,50.45
21:46:42,73,7,437,57.73
21:46:44,62,7,30,48.77
21:46:46,104,7,202,62.27
21:46:48,103,6,558,62.75
21:46:50,81,6,690,59.01
21:46:52,76,2,697,39.41
21:46:54,64,10,486,69.93
21:46:56,97,0,186,28.01
21:46:58,64,3,480,37.64
21:47:00,78,3,326,38.97
21:47:02,74,7,276,55.58
21:47:04,92,9,641,74.93
21:47:06,102,10,328,77.44
21:47:08,80,9,719,72.98
21:47:10,104,2,60,37.14
21:47:12,59,10,525,69.22
21:47:14,88,0,47,23.59
21:47:16,79,8,374,62.95
21:47:18,70,3,44,32.66
21:47:20,72,0,406,24.81
21:47:22,106,3,705,51.94
21:47:24,59,4,664,43.70
21:47:26,92,2,254,36.93
21:47:28,84,7,471,61.10
21:47:30,103,5,668,59.80
21:47:32,110,3,530,50.35
21:47:34,97,10,708,81.84
21:47:36,59,7,87,48.84
21:47:38,109,10,332,79.32
21:47:40,67,7,518,57.39
21:47:42,93,10,419,76.47
21:47:44,109,3,181,44.86
21:47:46,85,4,297,44.95
21:47:48,99,6,596,62.28
21:47:50,80,1,176,28.04
21:47:52,61,6,307,48.06
21:47:54,60,3,171,31.96
21:47:56,82,2,467,37.52
21:47:58,93,9,260,69.48
21:48:00,71,0,479,25.64
21:48:02,86,9,581,72.47
21:48:04,98,5,182,51.21
21:48:06,109,1,517,40.70
21:48:08,104,6,647,64.34
21:48:10,59,10,247,65.05
21:48:12,60,5,399,44.59
21:48:14,89,7,284,59.60
21:48:16,66,2,136,28.40
21:48:18,102,1,688,41.44
21:48:21,72,9,351,65.38
21:48:23,96,4,160,45.76
21:48:25,60,5,309,43.23
21:48:27,65,0,635,26.43
21:48:29,77,5,108,44.64
21:48:31,60,6,316,47.94
21:48:33,102,2,478,42.89
21:48:35,64,6,31,44.70
21:48:37,100,2,342,40.33
21:48:39,71,4,186,39.65
21:48:41,102,1,202,34.15
21:48:43,92,9,264,69.28
21:48:45,87,4,47,41.72
21:48:47,84,9,733,74.23
21:48:49,83,5,83,45.82
21:48:51,92,10,257,73.78
21:48:53,79,0,509,28.17
21:48:55,76,5,204,45.82
21:48:57,60,0,698,26.07
21:48:59,103,2,747,47.19
21:49:01,79,0,480,27.74
21:49:03,65,5,61,40.82
21:49:05,81,9,611,71.62
21:49:07,74,10,342,70.37
21:49:09,92,5,333,51.91
21:49:11,107,9,483,76.47
21:49:13,97,6,367,58.33
21:49:15,99,3,650,49.29
21:49:17,109,7,39,61.12
21:49:19,106,8,668,74.38
21:49:21,86,5,719,56.14
21:49:23,75,6,254,50.91
21:49:25,83,3,446,42.07
21:49:27,83,10,24,67.94
21:49:29,68,7,426,56.27
21:49:31,104,5,536,58.08
21:49:33,98,4,335,48.90
21:49:35,75,9,207,64.00
21:49:37,73,2,329,33.12
21:49:39,103,4,10,45.33
21:49:41,107,1,109,34.05
21:49:43,84,5,489,52.18
21:49:45,76,3,684,43.82
21:49:47,87,5,562,54.05
21:49:49,75,9,746,72.09
21:49:51,82,8,505,65.69
21:49:53,110,8,105,66.98
21:49:55,96,0,302,29.49
21:49:57,89,3,691,47.30
21:49:59,106,4,704,56.52
21:50:01,94,3,316,42.98
21:50:03,68,10,543,71.83
21:50:05,76,10,165,68.23
21:50:07,95,1,442,35.93
21:50:09,105,10,205,76.38
21:50:11,90,1,379,33.69
21:50:13,91,9,33,65.56
21:50:15,89,9,24,64.90
21:50:17,96,10,210,74.11
21:50:19,101,10,461,79.18
21:50:21,83,3,59,36.27
21:50:23,104,6,233,58.13
21:50:25,93,5,576,55.82
21:50:27,86,4,410,46.91
21:50:29,76,9,463,68.10
21:50:31,62,7,541,56.43
21:50:33,65,6,234,48.01
21:50:35,76,0,577,28.41
21:50:37,84,8,286,62.93
21:50:39,103,9,656,78.02
21:50:41,73,10,497,72.44
21:50:43,72,0,266,22.71
21:50:45,96,8,578,70.43
21:50:47,73,9,154,62.69
21:50:49,90,9,468,71.82
21:50:51,65,7,170,51.65
21:50:53,97,0,467,32.23
21:50:55,66,1,666,31.75
21:50:57,103,0,374,32.39
21:50:59,99,1,616,39.58
21:51:01,60,6,114,44.91
21:51:03,84,5,148,47.06
21:51:05,101,4,166,47.15
21:51:07,98,4,207,46.98
21:51:09,63,8,454,59.99
21:51:11,70,8,252,58.78
21:51:13,93,7,457,63.23
21:51:15,97,5,398,54.19
21:51:17,92,6,625,60.89
21:51:19,88,2,629,41.52
21:51:21,67,0,181,20.14
21:51:23,64,5,193,42.54
21:51:25,70,9,240,63.20
21:51:27,83,10,545,75.75
21:51:29,86,10,448,75.08
21:51:31,90,5,265,50.38
21:51:33,60,1,171,22.77
21:51:35,111,5,666,61.85
21:51:37,78,3,77,35.23
21:51:39,89,8,663,69.88
21:51:41,102,3,286,44.61
21:51:43,104,7,462,66.17
21:51:45,83,1,366,31.67
21:51:47,89,6,659,60.62
21:51:49,64,3,440,37.04
21:51:51,68,1,609,31.41
21:51:53,93,10,124,72.04
21:51:55,80,5,91,45.16
21:51:57,67,2,444,33.28
21:51:59,78,5,143,45.43
21:52:01,98,3,373,44.88
21:52:03,69,5,127,42.84
21:52:06,86,6,721,60.77
21:52:08,89,3,80,38.14
21:52:10,75,9,236,64.44
21:52:12,74,4,245,41.31
21:52:14,109,7,130,62.49
21:52:16,94,1,582,37.77
21:52:18,59,6,639,52.52
21:52:20,63,10,528,70.30
21:52:22,83,9,747,74.19
21:52:24,68,3,597,40.43
21:52:26,58,9,83,57.72
21:52:28,110,8,250,69.15
21:52:30,65,2,195,29.03
21:52:32,78,10,157,68.64
21:52:34,65,3,92,32.08
21:52:36,110,1,179,35.89
21:52:38,111,1,203,36.51
21:52:40,62,4,481,41.73
21:52:42,103,0,59,27.67
21:52:44,81,5,79,45.25
21:52:46,98,1,29,30.51
21:52:48,92,8,719,71.50
21:52:50,101,3,399,46.05
21:52:52,67,7,211,52.78
21:52:54,84,8,653,68.44
21:52:56,108,6,435,62.20
21:52:58,62,6,627,53.12
21:53:00,104,7,622,68.57
21:53:02,108,2,197,40.23
21:53:04,77,8,235,60.34
21:53:06,92,3,260,41.62
21:53:08,112,4,512,55.20
21:53:10,104,7,26,59.63
21:53:12,103,9,393,74.08
21:53:14,60,10,706,72.19
21:53:16,87,10,407,74.73
21:53:18,109,9,494,77.15
21:53:20,108,7,442,66.91
21:53:22,105,4,64,46.66
21:53:24,70,2,199,30.38
21:53:26,76,6,220,50.66
21:53:28,73,1,535,31.60
21:53:30,102,3,306,44.91
21:53:32,65,5,534,47.91
21:53:34,96,10,719,81.75
21:53:36,71,0,95,19.89
21:53:38,88,9,126,66.17
21:53:40,76,2,428,35.38
21:53:42,109,9,611,78.91
21:53:44,110,5,97,53.05
21:53:46,102,3,469,47.36
21:53:48,72,10,104,66.28
21:53:50,87,8,236,62.96
21:53:52,91,9,117,66.81
21:53:54,87,3,95,37.84
21:53:56,75,8,410,62.45
21:53:58,60,5,223,41.95
21:54:00,112,4,234,51.03
21:54:02,109,1,98,34.41
21:54:04,59,1,635,29.46
21:54:06,87,8,248,63.14
21:54:08,80,3,543,42.75
21:54:10,100,5,7,49.10
21:54:12,104,7,576,67.88
21:54:14,109,10,216,77.58
21:54:16,97,9,540,74.72
21:54:18,76,7,414,58.17
21:54:20,94,4,302,47.37
21:54:22,94,0,52,25.22
21:54:24,104,9,296,72.88
21:54:26,112,7,262,65.25
21:54:28,103,8,310,68.23
21:54:30,100,6,299,58.08
21:54:32,64,0,676,26.78
21:54:34,66,1,658,31.63
21:54:36,67,6,366,50.51
21:54:38,61,7,52,48.84
21:54:40,91,2,688,43.18
21:54:42,70,5,249,44.94
21:54:44,109,8,660,75.04
21:54:46,103,6,219,57.66
21:54:48,104,9,593,77.33
21:54:50,110,9,568,78.52
21:54:52,75,4,215,41.12
21:54:54,93,3,658,47.85
21:54:56,109,3,54,42.95
21:54:58,86,2,746,42.75
21:55:00,61,8,570,61.21
21:55:02,82,0,104,22.88
21:55:04,102,10,164,74.98
21:55:06,72,0,486,26.01
21:55:08,89,9,715,75.26
21:55:10,61,9,226,60.65
21:55:12,91,1,146,30.45
21:55:14,61,10,449,68.59
21:55:16,78,2,568,38.00
21:55:18,95,4,664,53.06
21:55:20,86,0,30,22.81
21:55:22,92,3,666,47.71
21:55:24,78,7,704,63.04
21:55:26,64,2,1,25.86
21:55:28,74,1,564,32.30
21:55:30,93,3,525,45.85
21:55:32,106,8,112,66.04
21:55:35,104,4,307,50.04
21:55:37,61,3,135,31.68
22:03:23,58,4,271,37.54
22:03:26,59,6,363,48.38
22:03:28,77,3,218,37.09
22:03:30,62,8,217,56.18
22:03:32,93,1,590,37.63
22:03:34,92,7,434,62.63
22:03:36,83,2,159,33.16
22:03:38,112,1,55,34.55
22:03:40,58,4,332,38.46
22:03:42,90,8,540,68.30
22:03:44,69,2,718,37.91
22:03:46,112,0,79,30.30
22:03:48,102,8,153,65.61
22:03:50,98,0,531,33.45
22:03:52,112,7,218,64.59
22:03:54,62,4,346,39.71
22:03:56,59,0,744,26.50
22:03:58,100,1,443,37.25
22:04:00,62,5,490,46.47
22:04:02,75,5,188,45.32
22:04:04,84,8,514,66.35
22:04:06,74,3,98,34.51
22:04:08,75,6,551,55.36
22:04:10,65,3,18,30.97
22:04:12,99,3,195,42.46
22:04:14,89,0,392,29.02
22:04:16,82,9,696,73.16
22:04:18,72,10,605,73.80
22:04:20,111,2,746,49.25
22:04:22,91,10,463,76.60
22:04:24,65,3,569,39.23
22:04:26,65,4,734,46.31
22:04:28,89,8,33,60.43
22:04:30,65,1,682,31.73
22:04:32,109,7,390,66.39
22:04:34,73,0,80,20.18
22:04:36,66,4,122,37.39
22:04:38,93,10,689,80.52
22:04:40,77,0,158,22.39
22:04:42,83,6,545,57.35
22:04:44,88,1,471,34.55
22:04:46,103,6,574,62.99
22:04:48,90,8,55,61.03
22:04:50,58,2,537,32.34
22:04:52,71,9,25,60.23
22:04:54,78,0,232,23.76
22:04:56,88,1,576,36.12
22:04:58,107,10,522,81.65
22:05:00,65,0,362,22.33
22:05:02,65,9,662,68.23
22:05:04,66,8,632,63.44
22:05:06,60,9,140,59.10
22:05:08,66,0,329,22.09
22:05:10,95,5,542,55.83
22:05:12,102,0,665,36.49
22:05:14,98,2,288,39.00
22:05:16,79,8,708,67.96
22:05:18,72,10,431,71.19
22:05:20,104,3,150,43.09
22:05:22,86,5,670,55.41
22:05:24,58,10,152,63.36
22:05:26,99,2,442,41.57
22:05:28,105,3,24,41.46
22:05:30,91,2,101,34.38
22:05:32,103,9,549,76.42
22:05:34,66,7,573,57.95
22:05:36,79,2,576,38.38
22:05:38,73,2,141,30.29
22:05:40,107,2,24,37.38
22:05:42,109,1,312,37.62
22:05:44,100,10,389,77.83
22:05:46,99,0,319,30.53
22:05:48,97,5,506,55.81
22:05:50,77,8,501,64.33
22:05:52,71,0,145,20.64
22:05:54,82,0,360,26.72
22:05:56,80,10,382,72.53
22:05:58,91,4,498,49.53
22:06:00,80,10,411,72.97
22:06:02,96,2,480,41.36
22:06:04,95,2,283,38.14
22:06:06,64,4,509,42.67
22:06:08,70,8,126,56.89
22:06:10,82,1,167,28.43
22:06:12,87,8,461,66.34
22:06:14,95,1,401,35.31
22:06:16,91,3,276,41.60
22:06:18,99,3,129,41.48
22:06:20,81,5,414,50.27
22:06:22,82,3,118,36.89
22:06:24,71,5,427,47.87
22:06:26,60,10,644,71.26
22:06:28,76,2,481,36.17
22:06:30,67,3,176,33.86
22:06:32,84,3,405,41.72
22:06:34,84,4,518,48.01
22:06:36,81,3,746,46.05
22:06:38,80,3,343,39.75
22:06:40,101,10,699,82.75
22:06:42,71,0,439,25.05
22:06:44,111,9,556,78.60
22:06:46,74,7,321,56.25
22:06:48,71,9,440,66.46
22:06:50,68,3,183,34.22
22:06:52,70,1,32,23.28
22:06:54,104,2,475,43.36
22:06:56,94,0,741,35.55
22:06:58,112,0,235,32.65
22:07:01,109,4,64,47.70
22:07:03,63,4,705,45.36
22:07:05,99,2,725,45.81
22:07:07,75,6,603,56.14
22:07:09,69,4,701,46.86
22:07:11,77,0,308,24.64
22:07:13,102,5,131,51.48
22:07:15,93,6,489,59.12
22:07:17,95,7,654,66.71
22:07:19,87,6,26,50.61
22:07:21,107,0,299,32.30
22:07:23,104,3,705,51.41
22:07:25,103,0,294,31.19
22:07:27,99,4,559,52.52
22:07:29,74,1,29,24.28
22:07:31,83,10,467,74.58
22:07:33,65,5,118,41.67
22:07:35,98,3,75,40.41
22:07:37,94,10,681,80.66
22:07:39,59,8,745,63.31
22:07:41,92,5,154,49.23
22:07:43,109,1,641,42.55
22:07:45,78,10,498,73.75
22:07:47,60,0,257,19.46
22:07:49,69,1,66,23.53
22:07:51,72,3,2,32.55
22:07:53,108,2,18,37.55
22:07:55,90,1,659,37.88
22:07:57,59,4,568,42.26
22:07:59,100,4,697,54.85
22:08:01,65,8,121,55.52
22:08:03,79,4,111,40.60
22:08:05,103,9,254,71.99
22:08:07,100,3,409,45.93
22:08:09,102,9,469,74.95
22:08:11,81,2,722,41.09
22:08:13,70,3,688,42.32
22:08:15,59,3,12,29.32
22:08:17,73,4,606,46.47
22:08:19,81,6,733,59.65
22:08:21,106,5,97,52.02
22:08:23,96,2,108,35.78
22:08:25,69,10,561,72.35
22:08:27,97,4,343,48.77
22:08:29,66,2,508,33.98
22:08:31,79,6,121,49.95
22:08:33,80,4,115,40.93
22:08:35,98,5,406,54.57
22:08:37,79,6,553,56.44
22:08:39,63,5,249,43.11
22:08:41,68,6,453,52.08
22:08:43,111,1,528,41.38
22:08:45,98,3,58,40.15
22:08:47,66,2,525,34.23
22:08:49,75,7,378,57.37
22:08:51,84,6,304,54.00
22:08:53,58,6,523,50.52
22:08:55,73,9,476,67.52
22:08:57,86,7,158,56.93
22:08:59,98,2,196,37.62
22:09:01,79,10,704,77.10
22:09:03,79,9,174,64.55
22:09:05,93,5,77,48.34
22:09:07,80,2,152,32.28
22:09:09,73,4,280,41.58
22:09:11,105,0,277,31.46
22:09:13,71,2,80,28.86
22:09:15,76,7,324,56.82
22:09:17,108,7,547,68.48
22:09:19,64,9,293,62.44
22:09:21,69,2,646,36.83
22:09:23,110,2,419,44.08
22:09:25,100,0,200,29.00
22:09:27,66,3,87,32.27
22:09:29,77,2,222,32.55
22:09:31,69,6,624,54.90
22:09:33,74,5,669,52.28
22:09:35,111,10,521,82.67
22:09:37,77,10,145,68.19
22:09:39,100,10,397,77.95
22:09:41,103,0,591,35.65
22:09:43,87,10,471,75.69
22:09:45,101,8,221,66.38
22:09:47,101,10,713,82.96
22:09:49,70,7,557,58.75
22:09:51,58,6,313,47.38
22:09:53,94,9,457,72.70
22:09:56,82,9,75,63.84
22:09:58,74,9,518,68.41
22:10:00,66,1,425,28.13
22:10:02,99,4,17,44.40
22:10:04,64,10,617,71.89
22:10:06,58,6,9,42.81
22:10:08,58,2,374,29.89
22:10:10,90,3,59,38.09
22:10:12,91,0,463,30.61
22:10:14,106,10,683,83.81
22:10:16,65,1,458,28.37
22:10:18,92,8,438,67.29
22:10:20,81,9,609,71.59
22:10:22,60,3,86,30.69
22:10:24,95,7,465,63.87
22:10:26,96,7,159,59.54
22:10:28,100,4,701,54.91
22:10:30,109,3,707,52.75
22:10:32,99,2,464,41.90
22:10:34,107,3,400,47.62
22:10:36,91,10,7,69.77
22:10:38,85,9,526,71.39
22:10:40,78,8,516,64.82
22:10:42,93,7,78,57.55
22:10:44,80,0,691,31.16
22:10:46,80,2,319,34.78
22:10:48,108,5,442,57.71
22:10:50,78,1,645,34.55
22:10:52,102,0,510,34.17
22:10:54,88,6,718,61.25
22:10:56,76,4,674,48.27
22:10:58,79,0,691,30.91
22:11:00,102,9,681,78.14
22:11:02,94,9,326,70.73
22:11:04,83,3,124,37.24
22:11:06,89,1,88,29.06
22:11:08,102,4,286,49.21
22:11:10,60,8,236,55.94
22:11:12,58,2,290,28.63
22:11:14,95,5,556,56.04
22:11:16,69,1,257,26.39
22:11:18,99,5,89,50.08
22:11:20,92,8,200,63.72
22:11:22,111,6,293,60.85
22:11:24,97,10,715,81.94
22:11:26,103,1,184,34.14
22:11:28,92,6,727,62.42
22:11:30,82,2,225,33.89
22:11:32,103,0,606,35.87
22:11:34,67,3,237,34.77
22:11:36,100,5,674,59.11
22:11:38,72,7,602,59.95
22:11:40,66,6,576,53.40
22:11:42,61,2,389,30.90
22:11:44,86,2,26,31.95
22:11:46,109,1,123,34.78
22:11:48,68,9,218,62.35
22:11:50,80,5,306,48.39
22:11:52,106,5,597,59.52
22:11:54,90,1,49,28.73
22:11:56,110,10,47,75.30
22:11:58,102,2,116,37.46
22:12:00,110,4,629,56.44
22:12:02,74,1,497,31.30
22:12:04,76,7,422,58.29
22:12:06,104,9,277,72.59
22:12:08,99,2,652,44.72
22:12:10,80,4,92,40.58
22:12:12,68,10,480,70.88
22:12:14,59,5,564,46.80
22:12:16,66,5,319,44.94
22:12:18,88,6,684,60.74
22:12:20,93,1,670,38.83
22:12:22,99,7,100,59.44
22:12:24,64,6,587,53.04
22:12:26,96,6,262,56.49
22:12:28,58,5,511,45.74
22:12:30,85,10,367,73.60
22:12:32,110,7,720,71.60
22:12:34,75,0,147,21.70
22:12:36,110,6,603,65.25
22:12:38,101,1,733,41.85
22:12:40,90,6,350,56.25
22:12:42,91,6,199,54.24
22:12:44,107,10,21,74.13
22:12:46,88,0,276,27.02
22:12:48,77,4,492,45.80
22:12:50,85,8,513,66.59
22:12:52,72,8,365,60.99
22:12:54,77,6,380,53.32
22:12:56,65,0,637,26.46
22:12:58,98,4,549,52.11
22:13:00,94,6,14,52.25
22:13:02,74,0,610,28.39
22:13:04,81,1,253,29.46
22:13:06,104,10,604,82.10
22:13:08,103,3,562,49.01
22:13:10,104,5,333,55.03
22:13:12,75,7,342,56.83
22:13:14,84,9,321,68.05
22:13:16,60,1,5,20.28
22:13:19,66,7,572,57.94
22:13:21,93,1,3,28.83
22:13:23,98,0,655,35.30
22:13:25,80,0,255,24.62
22:13:27,61,8,344,57.82
22:13:29,110,4,365,52.48
22:13:31,67,3,238,34.79
22:13:33,68,5,587,49.48
22:13:35,84,6,683,59.68
22:13:37,98,4,629,53.31
22:13:39,65,1,633,30.99
22:13:41,98,0,396,31.42
22:13:43,85,4,78,41.67
22:13:45,77,9,345,66.59
22:13:47,81,5,673,54.16
22:13:49,66,9,217,61.82
22:13:51,82,9,337,67.78
22:13:53,97,4,256,47.46
22:13:55,81,1,712,36.34
22:13:57,67,4,348,41.04
22:13:59,82,6,661,58.84
22:14:01,90,6,319,55.78
22:14:03,67,3,607,40.33
22:14:05,99,6,174,55.95
22:14:07,59,8,447,58.84
22:14:09,106,7,411,65.92
22:14:11,76,1,618,33.63
22:14:13,79,4,734,49.95
22:14:15,111,8,318,70.43
22:14:17,89,5,263,50.09
22:14:19,71,0,490,25.81
22:14:21,85,6,371,55.27
22:14:23,72,1,101,24.84
22:14:25,62,2,207,28.43
22:14:27,65,10,160,65.30
22:14:29,58,10,637,70.63
22:14:31,108,0,624,37.44
22:14:33,84,1,323,31.28
22:14:35,103,0,381,32.50
22:14:37,96,9,281,70.58
22:14:39,60,9,606,66.09
22:14:41,65,8,30,54.15
22:14:43,60,6,643,52.84
22:14:45,70,7,402,56.43
22:14:47,107,9,360,74.62
22:14:49,64,6,448,50.96
22:14:51,96,10,4,71.02
22:14:53,64,9,676,68.18
22:14:55,79,6,29,48.58
22:14:57,85,5,219,48.38
22:14:59,82,1,493,33.31
22:15:01,82,9,76,63.86
22:15:03,96,0,103,26.51
22:15:05,89,9,581,73.25
22:15:07,65,6,228,47.92
22:15:09,100,2,272,39.28
22:15:11,75,8,458,63.17
22:15:13,61,2,155,27.39
22:15:15,75,9,273,65.00
22:15:17,79,0,643,30.18
22:15:19,75,1,465,31.08
22:15:21,97,10,23,71.56
22:15:23,112,3,704,53.48
22:15:25,103,8,323,68.42
22:15:27,59,9,741,67.85
22:15:29,86,9,49,64.50
22:15:31,78,1,184,27.64
22:15:33,92,2,186,35.91
22:15:35,85,4,398,46.47
22:15:37,64,8,339,58.52
22:15:39,90,1,406,34.09
22:15:41,84,2,563,39.48
22:15:43,98,1,364,35.54
22:15:45,90,10,546,77.59
22:15:47,98,3,217,42.54
22:15:49,101,10,612,81.44
22:15:51,63,0,648,26.10
22:15:53,70,10,335,69.23
22:15:55,102,2,85,36.99
22:15:57,108,9,135,71.51
22:15:59,79,4,304,43.50
22:16:01,74,5,455,49.07
22:16:03,93,6,129,53.72
22:16:05,76,1,718,35.13
22:16:07,92,3,230,41.17
22:16:09,71,2,57,28.52
22:16:11,101,1,326,35.75
22:16:13,93,5,100,48.68
22:16:15,112,2,629,47.76
22:16:17,100,8,735,73.83
22:16:19,87,4,720,51.82
22:16:21,64,5,627,49.05
22:16:23,58,6,716,53.42
22:16:25,98,0,288,29.80
22:16:27,96,3,31,39.23
22:16:29,106,9,223,72.31
22:16:31,91,4,607,51.17
22:16:33,61,8,367,58.16
22:16:36,89,4,482,48.77
22:16:38,77,3,711,44.48
22:16:40,77,4,712,49.10
22:16:42,95,3,210,41.65
22:16:44,75,1,517,31.86
22:16:46,98,9,573,75.47
22:16:48,86,2,381,37.27
22:16:50,103,1,182,34.11
22:16:52,107,3,317,46.38
22:16:54,92,2,230,36.57
22:16:56,59,9,400,62.74
22:16:58,59,6,350,48.19
22:17:00,74,9,16,60.88
22:17:02,72,1,467,30.32
22:17:04,80,10,492,74.18
22:17:06,84,2,640,40.64
22:17:08,77,1,336,29.66
22:17:10,100,0,138,28.07
22:17:12,67,4,110,37.47
22:17:14,92,3,423,44.06
22:17:16,85,2,244,34.96
22:17:18,74,10,280,69.44
22:17:20,66,5,528,48.08
22:17:22,97,5,149,50.45
22:17:24,64,8,102,54.97
22:17:26,69,2,2,27.17
22:17:28,101,7,435,64.98
22:17:30,58,6,736,53.72
22:17:32,108,2,60,38.18
22:17:34,112,10,5,75.20
22:17:36,69,3,599,40.73
22:17:38,64,6,156,46.58
22:17:40,108,1,272,36.76
22:17:42,95,5,94,49.11
22:17:44,79,10,492,73.92
22:17:46,99,9,17,67.39
22:17:48,100,9,219,70.69
22:17:50,80,1,599,34.38
22:17:52,76,3,408,39.68
22:17:54,82,0,377,26.98
22:17:56,78,3,72,35.16
22:17:58,89,9,479,71.72
22:18:00,96,8,329,66.69
22:18:02,94,10,344,75.60
22:18:04,97,4,631,53.09
22:18:06,70,8,191,57.87
22:18:08,102,0,311,31.18
22:18:10,97,9,397,72.58
22:18:12,68,5,654,50.49
22:18:14,73,10,438,71.55
22:18:16,82,7,300,58.02
22:18:18,88,3,669,46.72
22:18:20,73,6,618,55.85
22:18:22,75,9,138,62.97
22:18:24,63,6,111,45.64
22:18:26,91,9,603,74.11
22:18:28,80,0,349,26.04
22:18:30,98,5,556,56.82
22:18:32,91,4,513,49.76
22:18:34,89,6,645,60.41
22:18:36,70,5,118,42.97
22:18:38,88,0,473,29.98
22:18:40,60,10,504,69.16
22:18:42,77,10,46,66.71
22:18:44,65,9,323,63.14
22:18:46,67,6,340,50.12
22:18:48,63,3,372,35.76
22:18:50,107,10,213,77.01
22:18:52,105,8,578,72.77
22:18:54,66,5,626,49.55
22:18:56,99,7,464,64.90
22:18:58,93,9,603,74.62
22:19:00,73,6,546,54.77
22:19:02,74,8,361,61.45
22:19:04,83,3,119,37.16
22:19:06,78,3,708,44.70
22:19:08,79,1,270,29.19
22:19:10,61,10,367,67.36
22:19:12,105,9,533,76.70
22:19:14,83,2,428,37.20
22:19:16,63,6,600,52.98
22:19:18,102,10,200,75.52
22:19:20,79,7,70,53.79
22:19:22,85,7,519,62.08
22:19:24,99,5,305,53.32
22:19:26,63,8,270,57.23
22:19:28,89,8,617,69.19
22:19:30,93,9,748,76.80
22:19:32,87,4,349,46.25
22:19:34,86,4,18,41.03
22:19:36,102,6,465,61.09
22:19:38,69,5,653,50.73
22:19:40,76,6,707,57.97
22:19:42,80,7,331,57.97
22:19:44,109,1,238,36.51
22:19:46,83,8,182,61.11
22:19:48,61,1,71,21.53
22:19:50,70,5,435,47.73
22:19:52,66,5,460,47.06
22:19:54,68,7,151,52.14
22:19:56,99,10,267,75.75
22:19:58,81,5,409,50.20
22:20:00,97,8,645,71.69
22:20:02,77,3,703,44.37
22:20:04,101,1,65,31.84
22:20:06,104,3,244,44.50
22:20:08,64,9,443,64.69
22:20:10,103,4,750,56.43
22:20:12,100,4,442,51.03
22:20:14,66,5,295,44.58
22:20:16,91,4,517,49.82
22:20:18,80,6,748,59.62
22:20:20,105,6,451,61.66
22:20:23,80,5,259,47.68
22:20:25,110,2,657,47.66
22:20:27,60,5,178,41.27
22:20:29,86,6,295,54.38
22:20:31,73,9,574,68.99
22:20:33,83,6,232,52.66
22:20:35,62,8,245,56.59
22:20:37,62,2,112,27.00
22:20:39,83,8,329,63.31
22:20:41,89,9,3,64.58
22:20:43,63,10,709,73.02
22:20:45,68,7,516,57.62
22:20:47,80,7,389,58.84
22:20:49,71,10,685,74.74
22:20:51,98,6,343,58.22
22:20:53,72,2,536,35.96
22:20:55,95,8,522,69.33
22:20:57,86,10,276,72.50
22:20:59,80,10,180,69.50
22:21:01,101,4,517,52.41
22:21:03,103,5,269,53.81
22:21:05,78,3,533,42.07
22:21:07,80,4,105,40.78
22:21:09,78,10,288,70.60
22:21:11,104,3,618,50.11
22:21:13,111,0,141,30.97
22:21:15,59,5,591,47.21
22:21:17,68,6,291,49.65
22:21:19,74,6,245,50.52
22:21:21,77,6,266,51.61
22:21:23,58,8,249,55.61
22:21:25,99,3,602,48.57
22:21:27,70,5,462,48.13
22:21:29,84,10,72,68.92
22:21:31,75,3,275,37.42
22:21:33,103,2,217,39.24
22:21:35,89,2,606,41.43
22:21:37,94,2,345,38.81
22:21:39,66,8,614,63.17
22:21:41,80,8,531,65.56
22:21:43,73,3,56,33.62
22:21:45,103,9,401,74.20
22:21:47,110,2,22,38.13
22:21:49,60,7,213,50.99
22:21:51,89,4,163,43.98
22:21:53,78,8,432,63.56
22:21:55,107,6,584,64.18
22:21:57,106,9,48,69.68
22:21:59,60,6,552,51.48
22:22:01,88,1,333,32.48
22:22:03,79,9,450,68.69
22:22:05,106,7,487,67.06
22:22:07,104,8,12,64.02
22:22:09,100,4,215,47.62
22:22:11,108,1,545,40.85
22:22:13,91,3,551,45.73
22:22:15,60,3,436,35.94
22:22:17,69,4,699,46.83
22:22:19,89,6,587,59.54
22:22:21,100,6,295,58.02
22:22:23,93,8,50,61.73
22:22:25,58,6,478,49.85
22:22:27,73,7,106,52.77
22:22:29,98,4,588,52.70
22:22:31,78,5,200,46.28
22:22:33,73,6,647,56.28
22:22:35,69,6,320,50.34
22:22:37,94,10,414,76.65
22:22:39,62,2,174,27.93
22:22:41,104,6,492,62.02
22:22:43,91,10,410,75.81
22:22:45,85,8,207,62.00
22:22:47,90,3,367,42.71
22:22:49,66,0,386,22.95
22:22:51,80,6,17,48.66
22:22:53,72,10,609,73.86
22:22:55,85,6,265,53.68
22:22:57,64,6,418,50.51
22:22:59,112,8,743,77.06
22:23:01,100,1,217,33.86
22:23:03,59,6,597,51.89
22:23:05,79,6,341,53.26
22:23:07,76,9,742,72.29
22:23:09,78,4,331,43.64
22:23:11,91,10,34,70.17
22:23:13,64,6,232,47.72
22:23:15,83,6,557,57.53
22:23:17,78,6,360,53.28
22:23:19,82,5,514,52.03
22:23:21,104,3,639,50.42
22:23:23,59,1,416,26.18
22:23:25,60,0,103,17.15
22:23:27,91,10,362,75.09
22:23:29,65,5,198,42.87
22:23:31,70,10,268,68.22
22:23:33,81,5,542,52.19
22:23:35,112,10,289,79.45
22:23:37,101,4,681,54.88
22:23:39,63,5,616,48.62
22:23:41,70,7,304,54.96
22:23:43,86,5,95,46.78
22:23:45,64,0,580,25.34
22:23:47,72,4,324,41.98
22:23:49,76,10,309,70.40
22:23:51,89,7,98,56.81
22:23:53,60,8,8,52.52
22:23:54,70,10,349,69.44
22:23:56,71,10,639,74.05
22:23:58,71,9,564,68.32
22:24:00,75,10,612,74.68
22:24:02,95,9,651,75.86
22:24:04,91,7,306,60.45
22:24:06,63,5,160,41.78
22:24:08,78,0,138,22.35
22:24:10,101,5,310,53.91
22:24:12,79,1,37,25.70
22:24:14,84,2,16,31.28
22:24:16,72,9,353,65.41
22:24:18,105,2,22,36.83
22:24:20,93,10,48,70.90
22:24:22,91,4,388,47.88
22:24:24,64,2,386,31.63
22:24:26,64,7,545,57.01
22:24:28,64,9,710,68.69
22:24:30,112,5,382,57.85
22:24:32,62,0,33,16.62
22:24:34,81,2,392,36.14
22:24:36,112,7,15,61.54
22:24:38,67,4,92,37.20
22:24:40,90,1,576,36.64
22:24:42,89,7,209,58.47
22:24:44,76,7,105,53.53
22:24:46,94,4,188,45.66
22:24:48,77,9,415,67.64
22:24:50,82,1,412,32.10
22:24:52,95,7,591,65.76
22:24:54,77,2,178,31.89
22:24:56,91,9,385,70.84
22:24:58,100,4,416,50.64
22:25:00,81,7,738,64.33
22:25:02,59,9,679,66.92
22:25:04,85,5,600,54.10
22:25:06,76,2,411,35.12
22:25:09,84,3,729,46.58
22:25:11,99,10,398,77.71
22:25:13,61,0,417,22.12
22:25:15,88,3,328,41.60
22:25:17,104,0,725,37.91
22:25:19,99,5,13,48.94
22:25:21,69,2,288,31.46
22:25:23,102,9,141,70.03
22:25:25,72,6,90,47.67
22:25:27,80,5,634,53.31
22:25:29,78,7,688,62.80
22:25:31,73,7,28,51.60
22:25:33,110,6,377,61.86
22:25:35,96,6,156,54.90
22:25:37,60,2,84,26.06
22:25:39,73,0,385,24.75
22:25:41,112,0,507,36.73
22:25:43,76,2,585,37.73
22:25:45,102,0,479,33.70
22:25:47,88,8,254,63.49
22:25:49,72,1,360,28.72
22:25:51,79,3,525,42.21
22:25:53,95,10,455,77.53
22:25:55,61,8,25,53.03
22:25:57,72,5,227,45.12
22:25:59,66,1,214,24.97
22:26:01,85,2,601,40.31
22:26:03,98,1,592,38.96
22:26:05,109,4,108,48.36
22:26:07,110,10,122,76.43
22:26:09,108,4,437,53.04
22:26:11,109,6,640,65.54
22:26:13,64,7,46,49.53
22:26:15,85,4,445,47.17
22:26:17,68,1,396,28.22
22:26:19,69,5,143,43.09
22:26:21,83,0,543,29.73
22:26:23,84,5,253,48.64
22:26:25,101,9,692,78.04
22:26:27,75,4,362,43.33
22:26:29,111,10,187,77.66
22:26:31,83,2,558,39.15
22:26:33,80,2,496,37.44
22:26:35,59,5,695,48.77
22:26:37,88,7,387,60.88
22:26:39,64,4,461,41.95
22:26:41,92,9,487,72.62
22:26:43,74,3,92,34.42
22:26:45,72,0,742,29.85
22:26:47,99,9,744,78.30
22:26:49,82,10,749,78.55
22:26:51,60,4,703,44.55
22:26:53,95,2,582,42.63
22:26:55,94,3,637,47.80
22:26:57,61,0,312,20.54
22:26:59,108,5,629,60.52
22:27:01,81,3,98,36.33
22:27:03,65,1,173,24.09
22:27:05,83,3,744,46.54
22:27:07,74,0,646,28.93
22:27:09,80,9,670,72.25
22:27:11,72,7,669,60.95
22:27:13,84,2,272,35.12
22:27:15,95,8,263,65.44
22:27:17,103,3,327,45.48
22:27:19,88,7,456,61.92
22:27:21,75,1,308,28.72
22:27:23,93,4,572,51.16
22:27:25,98,6,575,61.70
22:27:27,95,4,23,43.44
22:27:29,92,5,259,50.80
22:27:31,69,1,731,33.50
22:27:33,83,0,710,32.23
22:27:35,106,9,607,78.07
22:27:37,99,3,128,41.46
22:27:39,59,7,153,49.83
22:27:41,69,4,189,39.18
22:27:43,96,10,636,80.50
22:27:45,85,5,484,52.36
22:27:47,112,2,516,46.06
22:27:49,65,5,10,40.05
22:27:51,79,8,35,57.86
22:27:53,78,7,474,59.59
22:27:55,83,5,4,44.64
22:27:57,111,3,112,44.34
22:27:59,104,7,445,65.91
22:28:01,79,7,212,55.92
22:28:03,71,9,36,60.40
22:28:05,98,4,298,48.35
22:28:07,109,4,622,56.07
22:28:09,68,3,747,42.68
22:28:11,68,5,249,44.41
22:28:13,68,0,214,20.89
22:28:15,58,9,99,57.96
22:28:17,78,3,682,44.31
22:28:19,70,6,207,48.90
22:28:21,90,4,167,44.30
22:28:23,107,4,88,47.54
22:28:25,109,10,720,85.14
22:28:28,91,9,138,67.13
02:45:31,104,4,50,46.19
02:45:33,61,7,387,53.86
07:39:37,88,2,677,42.23
07:39:39,85,3,643,45.55
07:39:41,81,4,430,45.91
07:39:43,63,3,669,40.22
07:39:45,87,0,497,30.08
07:39:47,67,8,2,54.25
07:39:49,104,1,480,38.84
07:39:51,109,10,625,83.72
07:39:53,90,7,641,65.21
07:39:56,108,9,131,71.45
07:39:58,81,4,362,44.89
07:40:00,68,2,726,37.77
07:40:02,96,9,738,77.43
07:40:04,70,9,429,66.03
07:40:06,89,1,361,33.16
07:40:08,81,1,590,34.51
07:40:10,101,9,562,76.09
07:40:12,107,5,727,61.73
07:40:14,59,5,608,47.46
07:40:16,106,9,252,72.74
07:40:18,89,9,392,70.42
08:07:33,71,7,545,58.83
08:07:36,90,6,285,55.27
08:07:38,65,5,432,46.38
08:07:40,103,10,724,83.64
08:07:42,111,3,255,46.48
08:07:44,91,0,298,28.13
08:07:46,62,5,568,47.64
08:07:48,109,1,259,36.82
08:07:50,68,6,12,45.46
08:07:52,80,0,287,25.11
08:07:54,89,0,157,25.50
11:07:53,98,0,552,33.76
11:07:55,81,4,353,44.76
11:07:57,61,0,693,26.26
11:07:59,107,5,498,58.29
11:08:01,79,7,22,53.07
11:08:03,67,8,427,60.62
11:08:05,68,6,548,53.50
11:08:07,105,4,256,49.54
11:08:09,99,0,540,33.84
11:08:11,83,6,391,55.05
15:01:40,98,10,284,75.74
15:01:43,70,3,688,42.32
15:01:45,82,4,326,44.61
15:01:47,58,6,744,53.84
15:01:49,64,10,169,65.17
15:01:51,69,2,695,37.56
15:01:53,108,7,498,67.75
15:01:55,101,1,329,35.80
15:01:57,65,9,124,60.16
15:01:59,66,0,39,17.75
15:02:01,67,9,120,60.62
15:02:03,111,0,371,34.42
15:02:05,73,9,718,71.15
15:02:07,58,7,205,50.35
15:02:09,98,8,280,66.48
15:02:11,103,2,709,46.62
15:02:13,112,0,690,39.47
15:02:15,103,4,131,47.14
15:02:17,60,0,345,20.78
15:02:19,110,0,473,35.70
15:02:21,72,5,345,46.89
15:02:23,66,0,66,18.15
15:02:25,60,2,707,35.41
15:02:27,73,1,592,32.46
15:02:29,91,5,381,52.38
15:02:31,100,9,428,73.82
15:02:33,99,2,687,45.24
15:03:04,75,5,362,47.93
15:03:06,70,9,717,70.35
15:03:08,83,10,297,72.03
15:03:10,74,2,313,33.13
15:03:12,103,3,248,44.30
15:03:14,88,7,466,62.07
15:03:16,111,0,242,32.49
15:03:18,84,9,342,68.37
15:03:20,90,10,286,73.69
15:03:22,76,2,32,29.44
15:03:24,86,0,585,31.13
15:03:26,81,2,289,34.59
15:03:28,95,5,666,57.69
15:03:30,76,1,586,33.15
15:03:32,72,3,525,40.39
15:03:34,91,6,314,55.97
15:03:36,90,6,523,58.84
15:03:38,66,5,514,47.87
15:03:40,99,2,373,40.53
15:03:42,62,10,381,67.84
15:03:44,105,8,319,68.88
15:03:46,72,7,259,54.80
15:03:48,77,1,14,24.83
15:03:50,111,9,262,74.19
15:03:52,110,3,629,51.84
15:03:54,68,7,27,50.28
15:03:56,102,5,195,52.44
15:03:58,71,3,559,40.64
15:04:00,95,7,537,64.95
15:04:02,59,2,527,32.45
15:04:04,104,1,95,33.06
15:04:06,71,8,584,64.02
15:04:08,110,2,609,46.93
15:04:10,69,2,268,31.16
15:04:12,108,4,217,49.74
15:04:14,64,4,678,45.21
15:04:16,93,4,503,50.12
15:04:18,67,4,143,37.97
15:04:20,95,0,369,30.23
15:04:22,71,10,709,75.10
15:04:24,80,6,77,49.55
15:04:26,66,3,651,40.73
15:04:28,73,7,611,60.34
15:04:30,91,8,699,70.94
15:04:32,85,0,58,22.97
15:04:34,58,10,650,70.83
15:04:36,104,5,65,51.02
15:04:38,85,8,396,64.84
15:04:40,80,8,717,68.35
15:04:42,63,2,248,29.30
15:04:44,97,2,113,36.12
15:04:46,79,5,365,49.02
15:04:48,81,0,289,25.40
15:04:50,76,2,537,37.02
15:04:52,112,4,124,49.38
15:04:54,101,1,345,36.03
15:04:56,87,2,564,40.28
15:04:58,59,1,213,23.13
15:05:01,60,9,682,67.23
15:05:03,73,5,653,51.78
15:05:05,68,2,578,35.55
15:05:07,92,7,6,56.21
15:05:09,95,10,229,74.14
15:05:11,66,7,656,59.20
15:05:13,58,6,77,43.84
15:05:15,76,3,257,37.41
15:05:17,105,3,297,45.55
15:05:19,69,0,283,22.19
15:05:21,96,3,590,47.61
15:05:23,110,9,262,73.93
15:05:25,64,6,399,50.22
15:05:27,68,4,666,46.07
15:05:29,111,2,349,43.30
15:05:31,63,9,688,68.10
15:05:33,73,4,267,41.38
15:05:35,97,2,443,41.06
15:05:37,76,4,731,49.12
15:05:39,66,9,148,60.78
15:05:41,112,1,424,40.08
15:05:43,64,4,742,46.17
15:05:45,58,8,10,52.03
15:05:47,112,5,662,62.05
15:05:49,82,9,625,72.09
15:05:51,64,6,739,55.32
15:05:54,106,0,448,34.28
15:05:56,105,4,523,53.55
15:05:58,110,9,542,78.13
15:06:00,63,10,742,73.51
15:06:02,61,4,53,35.05
15:06:04,60,4,553,42.30
15:06:06,73,6,372,52.16
15:06:08,77,1,247,28.32
15:06:10,89,2,49,33.08
15:06:12,88,3,311,41.34
15:06:14,61,6,218,46.73
15:06:16,69,2,63,28.09
15:06:18,79,9,76,63.08
15:06:20,79,2,641,39.35
15:06:22,67,10,319,68.20
15:06:24,76,8,213,59.76
15:06:26,71,1,547,31.27
15:06:28,108,0,522,35.91
15:06:30,105,6,729,65.83
15:06:32,86,4,78,41.93
15:06:34,97,9,282,70.85
15:06:36,61,2,253,28.86
15:06:38,62,5,423,45.47
15:06:40,74,3,702,43.57
15:06:42,77,6,515,55.34
15:06:44,105,0,288,31.62
15:06:46,78,4,120,40.48
15:06:48,75,2,498,36.17
15:06:50,69,3,13,31.94
15:06:52,85,9,223,66.84
15:06:54,105,5,156,52.64
15:06:56,94,8,118,63.01
15:06:58,85,7,3,54.34
15:07:00,89,0,210,26.29
15:07:02,103,3,297,45.03
15:07:04,104,5,648,59.76
15:07:06,95,2,693,44.30
15:07:08,84,9,315,67.96
15:07:10,87,7,284,59.08
15:07:13,70,3,342,37.13
15:07:15,96,1,36,30.10
15:07:17,82,0,255,25.14
15:07:19,82,4,108,41.34
15:07:21,107,8,673,74.72
15:07:23,105,7,289,63.84
15:07:25,62,7,711,58.98
15:07:27,99,1,681,40.56
15:07:29,112,8,626,75.31
15:07:31,73,2,202,31.21
15:07:33,72,2,293,32.31
15:07:35,94,8,253,65.03
15:07:37,66,4,171,38.12
15:07:39,82,2,408,36.64
15:07:41,88,6,61,51.40
15:07:43,78,8,139,59.16
15:07:45,62,1,707,31.32
15:07:47,108,8,596,73.82
15:07:49,73,4,112,39.06
15:07:51,82,3,717,45.88
15:07:53,100,6,643,63.24
15:07:56,105,2,569,45.03
15:07:58,77,7,171,54.78
15:08:00,98,9,318,71.65
15:08:02,94,5,393,53.33
15:08:04,110,3,687,52.70
15:08:06,90,4,51,42.56
15:08:08,81,7,288,57.58
15:08:10,85,4,669,50.53
15:08:12,70,8,426,61.39
15:08:14,88,0,501,30.40
15:08:16,66,6,279,48.95
15:08:18,59,7,45,48.21
15:08:20,86,8,215,62.38
15:08:22,97,9,418,72.89
15:08:24,83,3,333,40.38
15:08:26,110,4,270,51.05
15:08:28,102,2,628,45.14
15:08:30,80,4,288,43.52
15:08:32,85,9,452,70.28
15:08:34,83,0,76,22.72
15:08:36,102,5,251,53.28
15:08:38,98,9,706,77.47
15:08:40,84,2,509,38.67
15:08:42,92,9,634,74.83
15:08:44,90,10,300,73.90
15:08:46,71,2,598,36.63
15:08:48,69,5,748,52.16
15:08:50,74,0,530,27.19
15:08:52,87,8,186,62.21
15:08:54,71,6,495,53.48
15:08:56,76,9,612,70.34
15:08:58,70,9,413,65.79
15:09:00,82,4,403,45.77
15:09:02,80,9,642,71.83
15:09:04,65,10,265,66.88
15:09:06,58,2,72,25.36
15:09:08,97,0,361,30.64
15:09:10,110,1,218,36.47
15:09:12,76,8,316,61.30
15:09:14,101,0,617,35.52
15:09:16,79,7,329,57.67
15:09:18,103,5,364,55.24
15:09:20,93,1,391,34.65
15:09:22,90,0,615,32.62
15:09:24,64,8,520,61.24
15:09:26,110,8,261,69.32
15:09:29,65,10,714,73.61
15:09:31,97,10,500,78.72
15:09:33,70,8,80,56.20
15:09:35,96,2,697,44.61
15:09:37,74,9,233,64.14
15:09:39,63,10,363,67.82
15:09:41,111,4,722,58.09
15:09:43,96,4,486,50.65
15:09:45,96,7,153,59.45
15:09:47,95,2,511,41.56
15:09:49,105,7,244,63.16
15:09:51,79,5,120,45.34
15:09:53,63,2,367,31.08
15:09:55,65,2,76,27.24
15:09:57,75,4,404,43.96
15:09:59,96,9,110,68.01
15:10:01,87,9,498,71.49
15:10:03,108,4,596,55.42
15:10:05,73,1,551,31.84
15:10:07,88,7,683,65.33
15:10:09,98,8,83,63.52
15:10:11,73,5,42,42.61
15:10:13,93,4,100,44.08
15:10:15,83,2,407,36.88
15:10:17,94,5,218,50.71
15:10:19,109,4,277,50.89
15:10:21,106,0,0,27.56
15:10:23,85,6,350,54.95
15:10:25,91,5,510,54.31
15:10:27,106,5,431,57.03
15:10:29,101,7,522,66.29
15:10:31,102,2,250,39.47
15:10:33,89,9,688,74.86
15:10:36,63,1,557,29.33
15:10:38,100,1,313,35.30
15:10:40,68,6,487,52.59
15:10:42,95,2,91,35.27
15:10:44,84,8,354,63.95
15:10:46,105,7,161,61.91
15:10:48,100,0,584,34.76
15:10:50,58,3,340,33.98
15:10:52,60,9,573,65.59
15:10:54,91,10,195,72.58
15:10:56,92,4,685,52.59
15:10:58,75,5,663,52.45
15:11:00,83,8,701,68.89
15:11:03,72,6,544,54.48
15:11:05,91,1,494,35.67
15:11:07,104,1,735,42.66
15:11:09,94,8,356,66.58
15:11:11,94,3,184,41.00
15:11:13,88,7,698,65.55
15:11:15,74,1,609,32.98
15:11:17,68,6,172,47.86
15:11:19,74,2,29,28.88
15:11:21,67,2,324,31.48
15:11:23,88,3,131,38.64
15:11:25,68,5,298,45.15
15:11:27,112,8,323,70.77
15:11:29,110,4,571,55.56
15:11:31,98,4,702,54.41
15:11:33,93,4,10,42.73
15:11:35,69,6,583,54.28
15:11:37,78,9,527,69.58
15:11:39,105,6,489,62.23
15:11:41,65,5,100,41.40
15:11:43,79,0,46,21.23
15:11:45,72,4,66,38.11
15:11:47,72,0,131,20.68
15:11:49,89,2,491,39.71
15:11:51,80,7,566,61.49
15:11:53,66,10,693,73.55
15:11:55,64,1,149,23.48
15:11:57,77,9,542,69.55
15:11:59,61,2,298,29.53
15:12:01,82,3,61,36.03
15:12:03,62,3,263,33.87
15:12:05,93,7,35,56.90
15:12:07,69,3,159,34.12
15:12:09,82,0,686,31.61
15:12:11,102,0,493,33.91
15:12:13,102,1,109,32.75
15:12:15,82,5,723,55.16
15:12:17,74,10,358,70.61
15:12:19,95,3,233,41.99
15:12:21,77,5,123,44.86
15:12:23,92,2,578,41.79
15:12:25,98,8,161,64.70
15:12:27,82,0,521,29.13
15:12:29,86,1,194,29.87
15:12:31,74,0,471,26.30
15:12:33,87,3,25,36.80
15:12:35,94,1,585,37.81
15:12:37,107,6,134,57.43
15:12:39,107,6,304,59.98
15:12:41,95,1,563,37.74
15:12:43,86,9,526,71.65
15:12:45,89,7,549,63.57
15:12:47,63,5,721,50.19
15:12:49,100,7,618,67.47
15:12:51,61,7,410,54.21
15:12:53,107,3,432,48.10
15:12:55,95,3,234,42.01
15:12:57,85,4,610,49.65
15:12:59,76,1,691,34.73
15:13:01,64,3,251,34.20
15:13:03,95,9,73,67.19
15:13:05,104,8,318,68.61
15:13:07,84,0,669,31.88
15:13:09,64,7,604,57.90
15:13:11,67,3,16,31.46
15:13:13,85,0,579,30.79
15:13:15,64,4,8,35.16
15:13:17,91,6,512,58.94
15:13:19,78,3,637,43.63
15:13:21,107,0,572,36.40
15:13:23,109,4,282,50.97
15:13:25,93,4,114,44.29
15:13:27,89,10,198,72.11
15:13:29,59,3,140,31.24
15:13:31,91,2,292,37.24
15:13:33,81,0,276,25.20
15:13:35,87,1,489,34.55
15:13:37,64,0,442,23.27
15:13:39,76,5,134,44.77
15:13:41,66,4,296,40.00
15:13:43,89,7,520,63.14
15:13:45,63,1,226,24.37
15:13:47,66,2,86,27.65
15:13:49,75,2,238,32.27
15:13:51,66,7,542,57.49
15:13:54,79,1,600,34.14
15:13:56,82,4,167,42.23
15:13:58,103,5,253,53.58
15:14:00,94,7,496,64.08
15:14:02,68,1,282,26.51
15:14:04,107,4,469,53.25
15:14:06,66,2,579,35.05
15:14:08,106,10,543,81.70
15:14:10,109,6,390,61.79
15:14:12,85,6,553,58.00
15:14:14,103,5,527,57.69
15:14:16,62,0,415,22.34
15:14:18,86,9,403,69.80
15:14:20,97,1,648,39.54
15:14:22,100,3,333,44.79
15:14:24,98,3,572,47.86
15:14:26,72,7,495,58.34
15:14:28,60,9,581,65.72
15:14:30,67,6,329,49.95
15:14:32,69,1,644,32.20
15:14:34,88,0,308,27.50
15:14:36,109,7,238,64.11
15:14:38,81,5,603,53.11
15:14:40,81,2,528,38.18
15:14:42,79,1,544,33.30
15:14:44,79,8,224,60.70
15:14:46,85,3,698,46.37
15:14:48,72,10,494,72.13
15:14:50,96,7,449,63.89
15:14:52,112,1,152,36.00
15:14:54,62,1,566,29.21
15:14:56,60,10,259,65.48
15:14:58,71,8,219,58.54
15:15:00,58,1,448,26.40
15:15:02,84,1,322,31.27
15:15:04,98,1,118,31.85
15:15:06,66,3,562,39.39
15:15:08,95,5,205,50.78
15:15:10,61,8,221,55.97
15:15:12,85,5,124,46.96
15:15:14,91,4,534,50.07
15:15:16,81,3,457,41.71
15:15:18,58,0,508,22.70
15:15:20,87,4,353,46.31
15:15:22,59,1,731,30.90
15:15:24,83,6,262,53.11
15:15:26,102,9,251,71.69
15:15:28,95,0,482,31.93
15:15:30,96,1,418,35.83
15:15:32,109,7,116,62.28
15:15:34,65,9,426,64.69
15:15:36,93,7,197,59.33
15:15:38,83,10,629,77.02
15:15:40,112,9,247,74.22
15:15:42,86,4,433,47.25
15:15:44,80,4,108,40.82
15:15:46,70,5,674,51.31
15:15:48,89,6,34,51.25
15:15:50,84,9,220,66.54
15:15:52,94,1,366,34.53
15:15:54,112,8,425,72.30
15:15:56,76,8,383,62.30
15:15:58,90,10,685,79.68
15:16:00,91,9,203,68.11
15:16:02,81,5,120,45.86
15:16:04,99,2,104,36.50
15:16:06,90,6,296,55.44
15:16:08,95,7,702,67.43
15:16:10,90,1,295,32.42
15:16:12,59,3,153,31.44
15:16:14,92,1,556,36.86
15:16:16,85,3,715,46.62
15:16:18,72,2,516,35.66
15:16:20,97,3,188,41.84
15:16:22,83,4,420,46.28
15:16:24,86,4,466,47.75
15:16:26,62,6,121,45.53
15:16:28,66,8,239,57.54
15:16:30,61,3,467,36.66
15:16:32,59,9,634,66.25
15:16:34,94,3,721,49.05
15:16:36,80,10,238,70.37
15:16:38,94,6,446,58.73
15:16:40,76,10,596,74.70
15:16:42,89,7,743,66.48
15:16:44,112,9,377,76.17
15:16:46,79,0,68,21.56
15:16:48,78,0,288,24.60
15:16:50,65,3,331,35.67
15:16:52,69,1,517,30.29
15:16:54,74,1,530,31.79
15:16:56,89,2,249,36.08
15:16:58,96,4,280,47.56
15:17:00,107,4,312,50.90
15:17:02,70,2,700,37.90
15:17:04,99,4,549,52.38
15:17:06,78,5,47,43.98
15:17:08,59,4,589,42.57
15:17:10,110,8,678,75.57
15:17:12,65,10,57,63.76
15:17:14,58,3,295,33.30
15:17:16,108,2,253,41.08
15:17:18,94,7,352,61.92
15:17:20,61,9,486,64.55
15:17:22,81,9,497,69.92
15:17:24,72,5,210,44.87
15:17:26,106,9,322,73.79
15:17:28,105,2,427,42.91
15:17:30,105,2,255,40.33
15:17:32,108,10,668,84.10
15:17:34,105,7,644,69.16
15:17:36,95,4,598,52.07
15:17:38,91,5,66,47.65
15:17:40,104,1,748,42.86
15:17:42,73,4,7,37.48
15:17:44,103,10,209,75.92
15:17:47,64,2,427,32.24
15:17:49,77,8,573,65.41
15:17:51,79,4,552,47.22
15:17:53,83,5,220,47.88
15:17:55,106,1,662,42.09
15:17:57,73,7,223,54.52
15:17:59,80,3,198,37.57
15:18:01,108,4,21,46.80
15:18:03,103,3,177,43.23
15:18:05,61,2,263,29.01
15:18:07,109,6,690,66.29
15:18:09,62,0,403,22.16
15:18:11,84,8,149,60.88
15:18:13,84,1,274,30.55
15:18:15,75,5,326,47.39
15:18:17,105,8,418,70.37
15:18:19,65,4,685,45.57
15:18:21,97,9,555,74.95
15:18:23,107,2,46,37.71
15:18:25,83,6,368,54.70
15:18:27,98,10,396,77.42
15:18:29,101,9,528,75.58
15:18:31,75,9,246,64.59
15:18:33,102,0,292,30.90
15:18:35,64,8,596,62.38
15:18:37,87,7,403,60.86
15:18:39,95,6,288,56.62
15:18:41,99,0,213,28.94
15:18:43,105,7,129,61.44
15:18:45,78,5,1,43.30
15:18:47,62,4,225,37.89
15:18:49,104,8,592,72.72
15:18:51,68,6,465,52.26
15:18:53,106,3,143,43.51
15:18:55,81,7,217,56.52
15:18:57,90,6,560,59.40
15:18:59,85,8,90,60.25
15:19:01,74,5,459,49.12
15:19:03,67,3,304,35.78
15:19:05,79,4,486,46.23
15:19:07,81,0,185,23.84
15:19:09,74,0,620,28.54
15:19:11,88,7,510,62.73
15:19:13,89,8,545,68.11
15:19:15,72,0,709,29.35
15:19:17,98,3,512,46.96
15:19:19,62,3,633,39.41
15:19:21,60,7,163,50.24
15:19:23,83,10,482,74.81
15:19:25,59,5,95,39.77
15:19:27,90,10,708,80.02
15:19:29,83,2,75,31.91
15:19:31,82,4,275,43.84
15:19:33,98,9,107,68.48
15:19:35,66,7,366,54.85
15:19:37,73,6,719,57.36
15:19:39,108,10,348,79.30
15:19:41,93,5,19,47.46
15:19:43,79,0,733,31.53
15:19:45,83,2,664,40.74
15:19:47,93,8,97,62.43
15:19:51,78,4,592,47.56
15:19:53,89,8,113,61.63
15:19:55,89,10,0,69.14
15:19:57,61,0,197,18.82
15:19:59,74,8,318,60.81
17:04:51,105,4,196,48.64
17:04:53,69,8,399,60.72
17:04:55,72,4,592,46.00
17:04:57,68,10,438,70.25
17:04:59,58,6,644,52.34
17:05:01,85,0,270,26.15
17:05:03,62,0,458,22.99
17:05:05,70,3,306,36.59
17:05:07,108,5,391,56.95
17:05:09,85,2,195,34.23
17:05:11,100,3,644,49.46
17:05:13,64,3,429,36.88
17:05:15,61,10,519,69.64
17:05:17,102,7,66,59.71
17:05:19,77,4,427,44.83
17:05:21,74,6,77,48.00
17:05:23,86,3,1,36.17
17:05:25,80,0,439,27.39
17:05:27,79,10,400,72.54
17:05:29,97,6,462,59.75
17:05:31,64,8,271,57.50
17:05:33,65,7,737,60.15
17:05:35,60,6,480,50.40
17:05:37,78,4,713,49.38
17:05:39,96,5,33,48.45
17:05:41,64,1,237,24.80
17:05:43,83,6,715,59.91
17:05:45,110,3,111,44.06
17:05:47,61,5,71,39.92
17:05:49,60,3,207,32.50
17:05:51,74,0,155,21.57
17:05:53,112,9,748,81.74
17:05:55,65,2,235,29.62
17:05:57,108,3,188,44.70
17:05:59,103,5,689,60.12
17:06:01,111,6,304,61.02
17:06:03,80,10,16,67.04
17:06:05,112,7,135,63.34
17:06:07,111,9,548,78.48
17:06:09,61,3,182,32.39
17:06:11,111,10,273,78.95
17:06:13,103,1,339,36.47
17:06:15,99,10,224,75.10
17:06:17,78,2,43,30.12
17:06:19,76,3,555,41.89
17:06:21,91,1,1,28.27
17:06:23,64,2,64,26.80
17:06:25,96,7,305,61.73
17:06:27,88,4,217,44.54
17:06:29,61,1,381,26.18
17:06:31,72,4,125,38.99
17:06:33,74,0,244,22.90
17:06:35,80,9,673,72.30
17:06:37,77,6,22,47.95
17:06:39,58,10,473,68.17
17:06:41,100,4,560,52.80
17:06:43,87,3,500,43.92
17:06:45,83,2,264,34.74
17:06:47,73,5,128,43.90
17:06:49,69,9,708,69.96
17:06:51,62,4,375,40.14
17:06:53,86,9,527,71.66
17:06:55,111,9,41,70.87
17:06:57,92,4,635,51.84
17:06:59,74,5,13,42.44
17:07:01,111,2,105,39.64
17:07:03,94,8,623,70.58
17:07:05,73,2,84,29.44
17:07:07,62,3,467,36.93
17:07:09,100,9,568,75.92
17:07:11,102,7,600,67.72
17:07:13,102,10,318,77.29
17:07:15,76,9,330,66.11
17:07:17,97,4,596,52.56
17:07:19,100,10,573,80.59
17:07:21,83,0,641,31.20
17:07:23,93,4,452,49.36
17:07:25,102,6,485,61.39
17:07:27,90,4,266,45.79
17:07:29,101,3,176,42.70
17:07:31,109,6,677,66.09
17:07:33,104,7,497,66.69
17:07:35,61,1,429,26.89
17:07:37,82,7,545,61.69
17:07:39,101,8,557,71.42
17:07:41,88,8,275,63.80
17:07:43,64,0,616,25.88
17:07:45,69,4,202,39.37
17:07:47,93,6,485,59.05
17:07:49,73,6,327,51.48
17:07:51,59,4,613,42.93
17:07:53,74,0,13,19.44
17:07:55,106,9,2,68.99
17:07:57,107,3,91,42.98
17:07:59,66,4,192,38.44
17:08:01,78,0,295,24.71
17:08:03,101,0,334,31.27
17:08:05,63,1,721,31.79
17:08:07,90,6,488,58.32
17:08:09,97,0,701,35.73
17:08:11,93,4,242,46.21
17:08:13,62,8,676,63.06
17:08:15,72,7,412,57.10
17:08:17,91,9,337,70.12
17:08:19,96,10,256,74.80
17:08:21,77,5,193,45.91
17:08:23,108,8,42,65.51
17:08:25,101,9,441,74.27
17:08:27,111,5,687,62.16
17:08:29,93,2,567,41.88
17:08:31,92,1,118,30.29
17:08:33,81,10,573,75.66
17:08:35,108,10,193,76.97
17:08:37,69,4,450,43.09
17:08:39,106,8,688,74.68
17:08:41,60,1,88,21.52
17:08:43,111,2,220,41.36
17:08:45,84,2,601,40.05
17:08:47,79,5,633,53.03
17:08:49,61,6,168,45.98
17:08:51,72,4,712,47.80
17:08:53,104,10,391,78.90
17:08:55,80,6,285,52.67
17:08:57,90,2,667,42.61
17:08:59,69,10,19,64.22
17:09:01,78,0,386,26.07
17:09:03,95,7,376,62.54
17:09:05,67,0,331,22.39
17:09:07,112,5,139,54.21
17:09:09,85,7,574,62.91
17:09:11,76,5,319,47.55
17:09:13,103,9,336,73.22
17:09:15,83,10,632,77.06
17:09:17,59,9,163,59.18
17:09:19,94,10,386,76.23
17:09:21,106,8,585,73.14
17:09:23,58,6,620,51.98
17:09:25,74,0,633,28.73
17:09:27,82,4,80,40.92
17:09:29,104,8,504,71.40
17:09:31,99,1,428,36.76
17:09:33,112,1,42,34.35
17:09:35,75,8,349,61.53
17:09:37,112,10,227,78.53
17:09:39,87,8,113,61.12
17:09:41,105,9,734,79.71
17:09:43,108,10,614,83.29
17:09:45,111,2,390,43.91
17:09:47,85,7,383,60.04
17:09:49,75,4,93,39.30
17:09:51,65,3,259,34.59
17:09:53,96,5,747,59.16
17:09:55,63,5,319,44.16
17:09:57,69,0,66,18.93
17:09:59,67,0,700,27.92
17:10:01,85,9,607,72.61
17:10:03,84,6,276,53.58
17:10:05,62,5,433,45.62
17:10:07,78,5,180,45.98
17:10:09,91,7,629,65.30
17:10:11,83,8,709,69.02
17:10:13,74,10,625,74.62
17:10:15,92,10,584,78.68
17:10:17,98,10,507,79.09
17:10:19,90,5,88,47.72
17:10:21,75,5,594,51.41
17:10:23,86,5,604,54.42
17:10:25,72,2,51,28.68
17:10:27,99,7,725,68.81
17:10:29,62,3,518,37.69
17:10:31,94,2,333,38.63
17:10:33,88,5,136,47.92
17:10:35,61,9,274,61.37
17:10:37,110,2,374,43.41
17:10:39,86,5,587,54.16
17:10:41,86,7,277,58.71
17:10:43,66,4,46,36.25
17:10:45,61,5,95,40.28
17:10:47,106,2,646,46.45
17:10:49,110,2,484,45.06
17:10:51,64,2,338,30.91
17:10:53,64,3,388,36.26
17:10:55,70,1,255,26.62
17:10:57,91,4,278,46.23
17:10:59,107,10,595,82.74
17:11:01,104,7,623,68.58
17:11:03,92,5,8,47.04
17:11:05,111,5,89,53.20
17:11:07,92,9,240,68.92
17:11:09,84,9,312,67.92
17:11:11,78,2,523,37.33
17:11:14,93,7,314,61.09
17:11:16,70,3,465,38.98
17:11:18,98,7,441,64.29
17:11:20,81,5,355,49.39
17:11:22,106,8,435,70.89
17:11:24,77,7,205,55.30
17:11:26,104,3,599,49.82
17:11:28,74,3,23,33.38
17:11:30,103,8,6,63.67
17:11:32,70,10,636,73.74
17:11:34,98,0,690,35.83
17:11:36,71,10,311,69.13
17:11:38,73,4,352,42.66
17:11:40,70,1,695,33.22
17:11:42,69,9,736,70.38
17:11:44,94,7,730,67.59
17:11:46,108,5,322,55.91
17:11:48,109,9,599,78.72
17:11:50,74,10,214,68.45
17:11:52,62,8,472,60.00
17:11:54,82,4,254,43.53
17:11:56,100,10,437,78.56
17:11:58,63,6,536,52.02
17:12:00,97,10,667,81.22
17:12:02,105,2,60,37.40
17:12:04,109,9,463,76.68
17:12:06,93,7,184,59.14
17:12:08,74,2,314,33.15
17:12:10,81,10,167,69.56
17:12:12,78,2,175,32.11
17:12:14,90,8,224,63.56
17:12:16,79,7,650,62.49
17:12:18,83,7,541,61.90
17:12:20,103,5,442,56.41
17:12:22,100,10,136,74.04
17:12:24,72,4,384,42.88
17:12:26,70,8,203,58.05
17:12:28,78,6,442,54.51
17:12:30,64,10,624,72.00
17:12:32,100,6,144,55.76
17:12:34,74,0,347,24.45
17:12:36,90,8,382,65.93
17:12:38,65,1,528,29.42
17:12:40,59,9,326,61.63
17:12:42,88,6,248,54.20
17:12:44,66,7,489,56.70
17:12:46,78,1,516,32.62
17:12:48,91,9,178,67.73
17:12:50,68,1,675,32.41
17:12:52,93,6,492,59.16
17:12:54,81,5,194,46.97
17:12:56,77,7,381,57.94
17:12:58,74,4,339,42.73
17:13:00,97,10,7,71.33
17:13:02,77,8,327,61.72
17:13:04,76,4,460,45.06
17:13:06,62,0,610,25.27
17:13:08,78,7,628,61.90
17:13:10,95,1,98,30.77
17:13:12,112,3,246,46.61
17:13:14,81,3,376,40.50
17:13:16,101,5,44,49.92
17:13:18,80,2,367,35.51
17:13:20,106,2,229,40.20
17:13:22,72,3,582,41.25
17:13:24,86,7,343,59.70
17:13:26,86,2,484,38.82
17:13:28,78,0,376,25.92
17:13:30,78,8,356,62.42
17:13:32,60,5,246,42.29
17:13:34,63,10,247,66.08
17:13:36,74,4,139,39.73
17:13:38,75,9,219,64.19
17:13:40,69,5,503,48.48
17:13:42,93,6,200,54.78
17:13:44,95,2,512,41.58
17:13:46,79,0,685,30.81
17:13:48,71,9,362,65.29
17:13:50,71,9,638,69.43
17:13:52,93,7,138,58.45
17:13:54,91,7,550,64.11
17:13:56,107,8,661,74.53
17:13:58,61,4,425,40.63
17:14:00,76,7,531,59.92
17:14:02,88,1,192,30.36
17:14:04,95,6,463,59.24
17:14:06,83,10,443,74.22
17:14:08,59,7,418,53.81
17:14:10,98,2,505,42.25
17:14:12,106,10,163,76.00
17:14:14,61,6,177,46.12
17:14:16,100,2,497,42.66
17:14:18,65,8,9,53.84
17:14:20,64,3,529,38.38
17:14:22,72,5,300,46.22
17:14:24,69,6,500,53.04
17:14:26,85,3,283,40.14
17:14:28,58,5,467,45.09
17:14:30,60,8,496,59.84
17:14:32,101,7,402,64.49
17:14:34,80,10,240,70.40
17:14:36,111,1,64,34.42
17:14:38,101,7,740,69.56
17:14:40,91,8,199,63.44
17:14:42,62,0,263,20.07
17:14:44,70,5,602,50.23
17:14:46,102,3,724,51.18
17:14:48,90,2,669,42.64
17:14:50,87,9,280,68.22
17:14:52,78,1,650,34.63
17:14:54,76,10,453,72.56
17:14:56,60,4,483,41.24
17:14:58,87,6,402,56.25
17:15:00,74,10,588,74.06
17:15:02,68,10,14,63.89
17:15:04,110,9,339,75.08
17:15:06,65,8,343,58.84
17:15:08,110,4,7,47.10
17:15:10,101,2,550,43.71
